guide_id,logo_url
SciFi.ba,https://raw.githubusercontent.com/CryptoArch65/my-epg/main/logos/telemach-1849.png
DiziChannel.hr,https://raw.githubusercontent.com/CryptoArch65/my-epg/main/logos/film-dizichannel-hr.png
SuperstarTV1.rs,https://raw.githubusercontent.com/CryptoArch65/my-epg/main/logos/m3u-serbia-0a233a42d5d4afac.png
SuperstarTV2.rs,https://raw.githubusercontent.com/CryptoArch65/my-epg/main/logos/m3u-serbia-bd5750c098043f1f.png
SuperstarTV3.rs,https://raw.githubusercontent.com/CryptoArch65/my-epg/main/logos/m3u-serbia-be6e9838afe30066.png
528074792267,https://raw.githubusercontent.com/CryptoArch65/my-epg/main/logos/film-528074792267.png
528074792422,https://raw.githubusercontent.com/CryptoArch65/my-epg/main/logos/film-528074792422.png
528078376344,https://raw.githubusercontent.com/CryptoArch65/my-epg/main/logos/film-528078376344.png
AXN.hr,https://raw.githubusercontent.com/CryptoArch65/my-epg/main/logos/film-axn-hr.png
AXNSpin.hr,https://raw.githubusercontent.com/CryptoArch65/my-epg/main/logos/film-axnspin-hr.png
M1Film.hr,https://raw.githubusercontent.com/CryptoArch65/my-epg/main/logos/film-m1film-hr.png
M1Gold.hr,https://raw.githubusercontent.com/CryptoArch65/my-epg/main/logos/film-m1gold-hr.png
M1Family.hr,https://raw.githubusercontent.com/CryptoArch65/my-epg/main/logos/film-m1family-hr.png
Diva.ba,https://raw.githubusercontent.com/CryptoArch65/my-epg/main/logos/telemach-1880.png
PickboxTV.ba,https://raw.githubusercontent.com/CryptoArch65/my-epg/main/logos/telemach-990.png
CineStarTV1.ba,https://raw.githubusercontent.com/CryptoArch65/my-epg/main/logos/telemach-283.png
276770856295,https://raw.githubusercontent.com/CryptoArch65/my-epg/main/logos/telemach-1834.png
276771368133,https://raw.githubusercontent.com/CryptoArch65/my-epg/main/logos/telemach-1835.png
276770856280,https://raw.githubusercontent.com/CryptoArch65/my-epg/main/logos/telemach-1836.png
276770344385,https://raw.githubusercontent.com/CryptoArch65/my-epg/main/logos/telemach-1837.png
311616552052,https://raw.githubusercontent.com/CryptoArch65/my-epg/main/logos/maxsport-1.png
311620648169,https://raw.githubusercontent.com/CryptoArch65/my-epg/main/logos/maxsport-2.png
slovnationalgeographic.si,https://raw.githubusercontent.com/CryptoArch65/my-epg/main/logos/telemach-1855.png
natgeowild.ba,https://raw.githubusercontent.com/CryptoArch65/my-epg/main/logos/telemach-1863.png
animal_planet,https://raw.githubusercontent.com/CryptoArch65/my-epg/main/logos/telemach-1830.png
discovery.dk,https://raw.githubusercontent.com/CryptoArch65/my-epg/main/logos/telemach-1478.png
historychannel2.ba,https://raw.githubusercontent.com/CryptoArch65/my-epg/main/logos/telemach-1857.png
276770344357,https://raw.githubusercontent.com/CryptoArch65/my-epg/main/logos/telemach-1861.png
iptv#ch-bbc-earth-hd,https://raw.githubusercontent.com/CryptoArch65/my-epg/main/logos/telemach-1640.png
eentertainment.ba,https://raw.githubusercontent.com/CryptoArch65/my-epg/main/logos/telemach-1867.png
travelchannel.bh,https://raw.githubusercontent.com/CryptoArch65/my-epg/main/logos/telemach-1866.png
loviribolov.ba,https://raw.githubusercontent.com/CryptoArch65/my-epg/main/logos/telemach-1860.png
435380776371,https://raw.githubusercontent.com/CryptoArch65/my-epg/main/logos/telemach-1858.png
276767784232,https://raw.githubusercontent.com/CryptoArch65/my-epg/main/logos/telemach-1862.png
iptv#ch-127-tlc,https://raw.githubusercontent.com/CryptoArch65/my-epg/main/logos/telemach-119.png
276771368119,https://raw.githubusercontent.com/CryptoArch65/my-epg/main/logos/telemach-1864.png
276770856271,https://raw.githubusercontent.com/CryptoArch65/my-epg/main/logos/telemach-1120.png
iptv#ch-444-hgtv,https://raw.githubusercontent.com/CryptoArch65/my-epg/main/logos/telemach-1865.png
AlfaTV.ba,https://raw.githubusercontent.com/CryptoArch65/my-epg/main/logos/m3u-bosna-125172b5de1f3ab6.png
AlternativnaTV.ba,https://raw.githubusercontent.com/CryptoArch65/my-epg/main/logos/m3u-bosna-12a617245646561c.png
BujrumTV.ba,https://raw.githubusercontent.com/CryptoArch65/my-epg/main/logos/bujrum-tv.png
BHT1.ba,https://raw.githubusercontent.com/CryptoArch65/my-epg/main/logos/m3u-bosna-20dc34df61e4393e.png
BN.ba,https://raw.githubusercontent.com/CryptoArch65/my-epg/main/logos/m3u-bosna-6de16410a583ec1b.png
BirTV.ba,https://raw.githubusercontent.com/CryptoArch65/my-epg/main/logos/m3u-bosna-94e2baad051e4bd1.png
CityTV.ba,https://raw.githubusercontent.com/CryptoArch65/my-epg/main/logos/m3u-bosna-53d0c89ae1b6fe5f.png
FACETV.ba,https://raw.githubusercontent.com/CryptoArch65/my-epg/main/logos/m3u-bosna-aa62edf99c397044.png
EuronewsBosnia.ba,https://raw.githubusercontent.com/CryptoArch65/my-epg/main/logos/m3u-bosna-3dbdd07815f7edae.png
Federalnatelevizija.ba,https://raw.githubusercontent.com/CryptoArch65/my-epg/main/logos/m3u-bosna-80cf0366d0324e3e.png
Hayat.ba,https://raw.githubusercontent.com/CryptoArch65/my-epg/main/logos/m3u-bosna-c0379eea0eb77b38.png
Hayat2.ba,https://raw.githubusercontent.com/CryptoArch65/my-epg/main/logos/m3u-bosna-5c2442f230f8b285.png
IzvornaTV.ba,https://raw.githubusercontent.com/CryptoArch65/my-epg/main/logos/m3u-bosna-809271cd587c4a62.png
Kanal6.ba,https://raw.githubusercontent.com/CryptoArch65/my-epg/main/logos/m3u-bosna-92b3c197a76f0149.png
MTVIgman.ba,https://raw.githubusercontent.com/CryptoArch65/my-epg/main/logos/m3u-bosna-1b60c5290c8afabf.png
N1.ba,https://raw.githubusercontent.com/CryptoArch65/my-epg/main/logos/m3u-bosna-688e32835645fe1d.png
NTVICKakanj.ba,https://raw.githubusercontent.com/CryptoArch65/my-epg/main/logos/m3u-bosna-8c1529020adc2c70.png
NovaBH.ba,https://raw.githubusercontent.com/CryptoArch65/my-epg/main/logos/m3u-bosna-99a4c13d4845590a.png
NovaTV.hr,https://raw.githubusercontent.com/CryptoArch65/my-epg/main/logos/m3u-croatia-c544d6c99d3c1a5b.png
OBN.ba,https://raw.githubusercontent.com/CryptoArch65/my-epg/main/logos/m3u-bosna-f4be37adb576d3f9.png
OKanal.ba,https://raw.githubusercontent.com/CryptoArch65/my-epg/main/logos/m3u-bosna-14a54d0dad69b673.png
PosavinaTV.ba,https://raw.githubusercontent.com/CryptoArch65/my-epg/main/logos/m3u-bosna-399d9890b1c850c5.png
RTRSPlus.ba,https://raw.githubusercontent.com/CryptoArch65/my-epg/main/logos/m3u-bosna-cb20f91881ae226c.png
RTRSTV.ba,https://raw.githubusercontent.com/CryptoArch65/my-epg/main/logos/m3u-bosna-099abb23c5e9e0c9.png
RTVHB.ba,https://raw.githubusercontent.com/CryptoArch65/my-epg/main/logos/m3u-bosna-7f0eef1ab75460e5.png
RTVHit.ba,https://raw.githubusercontent.com/CryptoArch65/my-epg/main/logos/m3u-bosna-fa98ed5b28ad72c8.png
RTVSana.ba,https://raw.githubusercontent.com/CryptoArch65/my-epg/main/logos/m3u-bosna-dacc7501313516f6.png
RTVTK.ba,https://raw.githubusercontent.com/CryptoArch65/my-epg/main/logos/m3u-bosna-1f2f494e43a6460c.png
RTVVisoko.ba,https://raw.githubusercontent.com/CryptoArch65/my-epg/main/logos/m3u-bosna-d4132bf2643b2e2d.png
RTVVogosca.ba,https://raw.githubusercontent.com/CryptoArch65/my-epg/main/logos/m3u-bosna-63cc2fe2f79e3ffb.png
RTVZenica.ba,https://raw.githubusercontent.com/CryptoArch65/my-epg/main/logos/m3u-bosna-baad3de0db627546.png
TV5.ba,https://raw.githubusercontent.com/CryptoArch65/my-epg/main/logos/m3u-bosna-03038339df7bb7f6.png
TVBugojno.ba,https://raw.githubusercontent.com/CryptoArch65/my-epg/main/logos/m3u-bosna-29902def01d87a6f.png
TVLukavac.ba,https://images-web.ug-be.cdn.united.cloud/d9138754/2022/04/19/ea3687a0-15a6-479e-8aff-24a8963deb8a_l.png
TVSA.ba,https://raw.githubusercontent.com/CryptoArch65/my-epg/main/logos/m3u-bosna-344d04ecd315711f.png
TelevizijaHema.ba,https://raw.githubusercontent.com/CryptoArch65/my-epg/main/logos/m3u-bosna-1c2457de6c4663e2.png
ArenaSportPremium1BH.ba,https://lo1.in/LOGO/EXYU/SPORTS/ARENA1PREMIUM.png
ArenaSportPremium2BH.ba,https://lo1.in/LOGO/EXYU/SPORTS/ARENA2PREMIUM.png
ArenaSportPremium3BH.ba,https://lo1.in/LOGO/EXYU/SPORTS/ARENA3PREMIUM.png
SportKlub1HR.hr,https://images-web.ug-be.cdn.united.cloud/d9138754/2025/11/25/c9c00735-c0b5-4467-a78a-27e19286a993_s.png
SportKlub2HR.hr,https://images-web.ug-be.cdn.united.cloud/d9138754/2025/12/02/586e4b69_e16f_422e_bd12_8ce62f194614.png
SportKlub3HR.hr,https://images-web.ug-be.cdn.united.cloud/d9138754/2025/12/02/c14bd326_b113_4838_be3e_cd62da3f6172.png
SportKlub4HR.hr,https://images-web.ug-be.cdn.united.cloud/d9138754/2025/11/25/a164c0f0-17d7-4601-a7aa-2625b0846d37_s.png
SportKlub5HR.hr,https://images-web.ug-be.cdn.united.cloud/d9138754/2025/11/27/774cebc1-0785-4328-94f8-34c4c34fd8ef_s.png
SportKlub6HR.hr,https://images-web.ug-be.cdn.united.cloud/d9138754/2020/11/03/4ebb4fa0-e651-4766-a527-14797cdb19fb_s.png
SportKlub7HR.hr,https://images-web.ug-be.cdn.united.cloud/d9138754/2025/11/25/775c96e2-ee4b-42d5-85a4-9132911c3b66_s.png
SportKlub8HR.hr,https://images-web.ug-be.cdn.united.cloud/d9138754/2025/11/25/fc46d08b-b67f-4d98-9b70-bb5e9e0a918e_s.png
SportKlub9HR.hr,https://images-web.ug-be.cdn.united.cloud/d9138754/2025/11/25/24c9feb3-950e-4c25-a6e9-832f71258d50_s.png
SportKlub10HR.hr,https://images-web.ug-be.cdn.united.cloud/d9138754/2025/11/25/5f138084-3069-4b40-814c-bfe46927bc6d_s.png
SportKlub11HR.hr,https://images-web.ug-be.cdn.united.cloud/d9138754/2025/11/26/99e87174-b804-4f75-8c81-3ab27b2053d8_s.png
SportKlub12HR.hr,https://images-web.ug-be.cdn.united.cloud/d9138754/2025/11/26/a8757dc6-c989-4c56-8289-752a314f877e_s.png
SportKlubGolfHR.hr,https://images-web.ug-be.cdn.united.cloud/d9138754/2025/11/26/69f7fcca-fb93-4499-9a41-1591654b0dd6_s.png
SportKlubEsportsHR.hr,https://images-web.ug-be.cdn.united.cloud/d9138754/2020/11/03/53e966ea-d1f9-4417-badc-b765b1e1bdea_s.png
ArenaSport1Premium.rs@SD,https://www.tvarenasport.com/files/img/icons/chanel-a1p.png
ArenaSport2Premium.rs@SD,https://www.tvarenasport.com/files/img/icons/chanel-a2p.png
ArenaSport3Premium.rs@SD,https://www.tvarenasport.com/files/img/icons/chanel-a3p.png
ArenaSport4Premium.rs@SD,https://www.tvarenasport.com/files/img/icons/chanel-a4p.png
ArenaSport5Premium.rs@SD,https://www.tvarenasport.com/files/img/icons/chanel-aa5p.png
ArenaSport1.rs@SD,https://www.tvarenasport.com/files/img/icons/chanel-01.png
ArenaSport2.rs@SD,https://www.tvarenasport.com/files/img/icons/chanel-02.png
ArenaSport3.rs@SD,https://www.tvarenasport.com/files/img/icons/chanel-03.png
ArenaSport4.rs@SD,https://www.tvarenasport.com/files/img/icons/chanel-04.png
ArenaSport5.rs@SD,https://www.tvarenasport.com/files/img/icons/chanel-05.png
ArenaSport6.rs@SD,https://www.tvarenasport.com/files/img/icons/chanel-06.png
ArenaSport7.rs@SD,https://www.tvarenasport.com/files/img/icons/chanel-07.png
ArenaSport8.rs@SD,https://www.tvarenasport.com/files/img/icons/chanel-08.png
ArenaSport1x2.rs@SD,https://www.tvarenasport.com/files/img/icons/chanel-1x2.png
ArenaSportTenis.rs@SD,https://www.tvarenasport.com/files/img/icons/chanel-a-tenis.png
ArenaAdrenalin.rs,https://www.tvarenasport.com/files/img/icons/chanel-a-adrenalin.png
ArenaFight.rs,https://lo1.in/LOGO/EXYU/SPORTS/ARENAFIGHT.png
ArenaEsport.rs,https://lo1.in/LOGO/EXYU/SPORTS/ARENAESPORT.png
ArenaSport9.rs@SD,https://www.tvarenasport.com/files/img/icons/chanel-09.png
ArenaSport10.rs@SD,https://www.tvarenasport.com/files/img/icons/chanel-10.png
ZvezdaTV.rs,https://lo1.in/LOGO/EXYU/SPORTS/FKCRVENAZVEZDA.png
TVPartizan.rs,https://lo1.in/LOGO/EXYU/SPORTS/PARTIZAN.png
FightBox.rs,https://lo1.in/LOGO/EXYU/SPORTS/fightchannel.png
eurosport_1,https://lo1.in/LOGO/EXYU/SPORTS/eurosport1.png
eurosport_2,https://lo1.in/LOGO/EXYU/SPORTS/eurosport2.png
HayatLoveBox.ba,https://raw.githubusercontent.com/CryptoArch65/my-epg/main/logos/hayat-love-box.png
HayatZivotIStil.ba,https://raw.githubusercontent.com/CryptoArch65/my-epg/main/logos/hayat-stil-i-zivot.png
UnaTV.ba,https://raw.githubusercontent.com/CryptoArch65/my-epg/main/logos/una-tv-hd.png
GrandTV.ba,https://raw.githubusercontent.com/CryptoArch65/my-epg/main/logos/telemach-1104.png
Grand2.ba,https://raw.githubusercontent.com/CryptoArch65/my-epg/main/logos/telemach-1520.png
CityPlay.ba,https://raw.githubusercontent.com/CryptoArch65/my-epg/main/logos/m3u-serbia-ff165866edd0a845.png
PinkFolk1.rs,https://raw.githubusercontent.com/CryptoArch65/my-epg/main/logos/m3u-pink-39d5175268281c01.png
PinkFolk2.rs,https://raw.githubusercontent.com/CryptoArch65/my-epg/main/logos/m3u-pink-1adf47b405d99570.png
PinkMusic.rs,https://raw.githubusercontent.com/CryptoArch65/my-epg/main/logos/m3u-pink-6e8819d7462032f2.png
PinkMusic2.rs,https://raw.githubusercontent.com/CryptoArch65/my-epg/main/logos/m3u-pink-b8c1d2e4b47d04c5.png
HayatMusic.ba,https://raw.githubusercontent.com/CryptoArch65/my-epg/main/logos/telemach-496.png
CMC.ba,https://raw.githubusercontent.com/CryptoArch65/my-epg/main/logos/telemach-1596.png
IDJTV.ba,https://raw.githubusercontent.com/CryptoArch65/my-epg/main/logos/telemach-1496.png
PinknRoll.rs,https://raw.githubusercontent.com/CryptoArch65/my-epg/main/logos/m3u-pink-f5a9083175937ac5.png
PinkHits.rs,https://raw.githubusercontent.com/CryptoArch65/my-epg/main/logos/m3u-pink-20eec47dbc86e325.png
PinkHits2.rs,https://raw.githubusercontent.com/CryptoArch65/my-epg/main/logos/m3u-pink-e8a72ccf6bdeb41a.png
338256424367,https://raw.githubusercontent.com/CryptoArch65/my-epg/main/logos/telemach-409.png
BravoMusic.ba,https://raw.githubusercontent.com/CryptoArch65/my-epg/main/logos/m3u-pink-8083e015d8e26341.png
GrandNostalgija.ba,https://raw.githubusercontent.com/CryptoArch65/my-epg/main/logos/telemach-1594.png
KCNMusic2.ba,https://raw.githubusercontent.com/CryptoArch65/my-epg/main/logos/m3u-serbia-7429228cdd9c6a24.png
KCNSvet3.ba,https://raw.githubusercontent.com/CryptoArch65/my-epg/main/logos/m3u-serbia-ee5fe44d4cae3f41.png
KCN1.ba,https://raw.githubusercontent.com/CryptoArch65/my-epg/main/logos/m3u-serbia-f2d896335759604c.png
BIRTV.ba,https://raw.githubusercontent.com/CryptoArch65/my-epg/main/logos/m3u-bosna-94e2baad051e4bd1.png
RTVBanovina.ba,https://raw.githubusercontent.com/CryptoArch65/my-epg/main/logos/regional-rtv-banovina.png
AuroraTV.hr,https://raw.githubusercontent.com/CryptoArch65/my-epg/main/logos/regional-aurora-tv.png
Z1.hr,https://raw.githubusercontent.com/CryptoArch65/my-epg/main/logos/regional-z1.png
DiadoraTV.hr,https://tv-hr-prod.yo-digital.com/prod/images/logos/445/250/1867fd84baf223990e27395401d0641d.000819.PNG
RTLAdria.hr,https://tv-hr-prod.yo-digital.com/prod/images/logos/445/250/2cea3d3241e4eff548a23b814bed9680.000324.PNG
SportskaTV.hr,https://tv-hr-prod.yo-digital.com/prod/images/logos/445/250/12ef8bdfc36aae32d0488fc22447e621.000015.png
RTS1.rs,https://raw.githubusercontent.com/CryptoArch65/my-epg/main/logos/m3u-serbia-fcfe5019d71d1d84.png
RTS2.rs,https://raw.githubusercontent.com/CryptoArch65/my-epg/main/logos/m3u-serbia-aee587659776b952.png
RTS3.rs,https://raw.githubusercontent.com/CryptoArch65/my-epg/main/logos/m3u-serbia-f2ec4a65f1e1b0fe.png
RTSDrama.rs,https://raw.githubusercontent.com/CryptoArch65/my-epg/main/logos/m3u-serbia-306e8ea2dd510a1b.png
RTSKlasika.rs,https://raw.githubusercontent.com/CryptoArch65/my-epg/main/logos/m3u-serbia-da079eeb2831d124.png
RTSKolo.rs,https://raw.githubusercontent.com/CryptoArch65/my-epg/main/logos/m3u-serbia-9b9f86900090f930.png
RTSMuzika.rs,https://raw.githubusercontent.com/tv-logo/tv-logos/main/countries/serbia/rts-muzika-rs.png
RTSNauka.rs,https://raw.githubusercontent.com/CryptoArch65/my-epg/main/logos/m3u-serbia-54f412f7049428d7.png
RTSPoletarac.rs,https://raw.githubusercontent.com/CryptoArch65/my-epg/main/logos/m3u-serbia-9c36e7425e800c7b.png
RTSTrezor.rs,https://raw.githubusercontent.com/CryptoArch65/my-epg/main/logos/m3u-serbia-6ae153c05fc4b6cc.png
RTSZivot.rs,https://raw.githubusercontent.com/CryptoArch65/my-epg/main/logos/m3u-serbia-7ad7d6619c1efc8b.png
RTSSvet.rs,https://raw.githubusercontent.com/CryptoArch65/my-epg/main/logos/m3u-serbia-2bb50bdd06420f1e.png
Prva.rs,https://raw.githubusercontent.com/CryptoArch65/my-epg/main/logos/m3u-serbia-38803a4589c7fcb5.png
PrvaPlus.rs,https://raw.githubusercontent.com/CryptoArch65/my-epg/main/logos/m3u-serbia-28dae932349f60c1.png
PrvaWorld.rs,https://raw.githubusercontent.com/CryptoArch65/my-epg/main/logos/m3u-serbia-3dd3fd04e57739f1.png
PrvaKick.rs,https://raw.githubusercontent.com/CryptoArch65/my-epg/main/logos/m3u-serbia-aea5e66d1c4bb812.png
PrvaMax.rs,https://raw.githubusercontent.com/CryptoArch65/my-epg/main/logos/m3u-serbia-2269f1348d9ae6a3.png
PrvaLife.rs,https://raw.githubusercontent.com/CryptoArch65/my-epg/main/logos/m3u-serbia-b4d142c0e520d91d.png
RTLCroatiaWorld.hr,https://upload.wikimedia.org/wikipedia/commons/e/ed/RTL_Croatia_World.png
LibertasTV.hr,https://raw.githubusercontent.com/CryptoArch65/my-epg/main/logos/regional-libertas-tv.png
HercegTV.ba,https://raw.githubusercontent.com/CryptoArch65/my-epg/main/logos/m3u-bosna-e42fc427e95ff9aa.png
HRT3.hr,https://images-web.ug-be.cdn.united.cloud/d9138754/2023/11/01/7323c60a-2378-4213-83ad-ec59dcff62e1_l.png
HRT4.hr,https://images-web.ug-be.cdn.united.cloud/d9138754/2023/11/02/3eef9d02-bc7a-4a00-990f-fe98a1f87912_l.png
RTLLiving.hr,https://images-web.ug-be.cdn.united.cloud/d9138754/2023/10/12/b56bd178-48c9-4ff8-b0e3-f124777783cc_l.png
LaudatoTV.hr,https://images-web.ug-be.cdn.united.cloud/d9138754/2021/06/29/8d72bf8f-0045-45b9-afa0-9d5f2e479380_l.png
MYTV.ba,https://mymedia.ba/wp-content/uploads/2025/04/mytvlogo-ljubicasto.png
DomaTV.hr,https://tv-hr-prod.yo-digital.com/prod/images/logos/445/250/6ad3a789baee4d1339f185a954a65306.000006.PNG
RTLPassion.hr,https://tv-hr-prod.yo-digital.com/prod/images/logos/445/250/cceaaea0b0dc6b4963ceeb3d2a84fad7.000315.PNG
RTLCrime.hr,https://tv-hr-prod.yo-digital.com/prod/images/logos/445/250/fb07dcd90656715febec0ded50f38529.000013.PNG
OsječkaTV.hr,https://tv-hr-prod.yo-digital.com/prod/images/logos/445/250/125162028f7da740769c61272f1f66d1.000815.PNG
VinkovačkaTV.hr,https://tv-hr-prod.yo-digital.com/prod/images/logos/445/250/dd65e8376f46527d4ff81e3bb37e9c5c.000805.PNG
SBTV.hr,https://tv-hr-prod.yo-digital.com/prod/images/logos/445/250/e57b1526e0bc6c8a232e3fd09f132d25.000811.PNG
SlavonskaTV.hr,https://tv-hr-prod.yo-digital.com/prod/images/logos/445/250/179953363f8526289835ba1fcf1870b3.000818.PNG
VarazdinskaTV.hr,https://tv-hr-prod.yo-digital.com/prod/images/logos/445/250/b4121bbd29fc7804a00e3b2050eb7ca0.000806.PNG
OTV.hr,https://tv-hr-prod.yo-digital.com/prod/images/logos/445/250/3cb5efb705e3f8872efea3c980c4bda4.000800.PNG
TVJadran.hr,https://tv-hr-prod.yo-digital.com/prod/images/logos/445/250/e8befb1cc41b5502829f2b68ece83098.000817.PNG
KanalRi.hr,https://tv-hr-prod.yo-digital.com/prod/images/logos/445/250/82b4537ed185c264f113dc7dcde5fc6c.000803.PNG
343758888241,https://tv-hr-prod.yo-digital.com/prod/images/logos/445/250/ff3d7da139e3e00e17d447389c07a680.000667.PNG
NovaS.rs,https://raw.githubusercontent.com/CryptoArch65/my-epg/main/logos/m3u-serbia-2df0fa36d5db6ab4.png
UnaTV.rs,https://raw.githubusercontent.com/CryptoArch65/my-epg/main/logos/m3u-serbia-a6073ca1bcbfca8e.png
KurirTV.rs,https://raw.githubusercontent.com/CryptoArch65/my-epg/main/logos/m3u-serbia-42a8f8c2416388a2.png
BlicTV.rs,https://raw.githubusercontent.com/CryptoArch65/my-epg/main/logos/m3u-serbia-1660a0952c85f68d.png
K1.rs,https://raw.githubusercontent.com/CryptoArch65/my-epg/main/logos/m3u-serbia-1901581aee0e71b6.png
PrvaFiles.rs,https://raw.githubusercontent.com/CryptoArch65/my-epg/main/logos/m3u-serbia-1a47367cd4a2b2f1.png
RTV1.rs,https://raw.githubusercontent.com/CryptoArch65/my-epg/main/logos/m3u-serbia-ba064d244f854abb.png
RTV2.rs,https://raw.githubusercontent.com/CryptoArch65/my-epg/main/logos/m3u-serbia-6ffc5ebcf6d0652c.png
SandzakTV.rs,https://raw.githubusercontent.com/CryptoArch65/my-epg/main/logos/m3u-serbia-a324efb12cd8660c.png
StudioB.rs,https://raw.githubusercontent.com/CryptoArch65/my-epg/main/logos/m3u-serbia-c9ff0f9baca97926.png
PalmaPlus.rs,https://raw.githubusercontent.com/CryptoArch65/my-epg/main/logos/m3u-serbia-31e6cc61dfc388a7.png
TVIstok.rs,https://raw.githubusercontent.com/CryptoArch65/my-epg/main/logos/serbia-tvistok-rs.png
TVLeskovac.rs,https://raw.githubusercontent.com/CryptoArch65/my-epg/main/logos/m3u-serbia-e817896e39ed032b.png
TVHram.rs,https://raw.githubusercontent.com/CryptoArch65/my-epg/main/logos/m3u-serbia-a3702c330025222f.png
TVKrusevac.rs,https://raw.githubusercontent.com/CryptoArch65/my-epg/main/logos/m3u-serbia-ebea14729082ca81.png
TanjugTV.rs,https://raw.githubusercontent.com/CryptoArch65/my-epg/main/logos/m3u-serbia-b21c5108db4b5fa8.png
JefimijaTV.rs,https://raw.githubusercontent.com/CryptoArch65/my-epg/main/logos/serbia-jefimijatv-rs.png
EuronewsSerbia.rs,https://raw.githubusercontent.com/CryptoArch65/my-epg/main/logos/m3u-serbia-586d1ae2bb1868dd.png
N1Serbia.rs,https://raw.githubusercontent.com/CryptoArch65/my-epg/main/logos/m3u-serbia-688e32835645fe1d.png
RTVNoviPazar.rs,https://raw.githubusercontent.com/CryptoArch65/my-epg/main/logos/m3u-serbia-6476e6c15bfed19e.png
InformerTV.rs,https://raw.githubusercontent.com/CryptoArch65/my-epg/main/logos/m3u-serbia-c69abbf615166141.png
ArenaSport4.ba,https://raw.githubusercontent.com/CryptoArch65/my-epg/main/logos/telemach-2132.png
ArenaSport5BH.ba,https://raw.githubusercontent.com/CryptoArch65/my-epg/main/logos/telemach-2131.png
ArenaSport6.ba,https://raw.githubusercontent.com/CryptoArch65/my-epg/main/logos/m3u-5f7cd24fff4e7d7f.png
276767784233,https://raw.githubusercontent.com/CryptoArch65/my-epg/main/logos/m3u-aa8673e011dfe00c.png
iptv#ch-140-docubox-hd,https://raw.githubusercontent.com/CryptoArch65/my-epg/main/logos/m3u-47f6fbd51100a119.png
iptv#ch-153-24-kitchen,https://raw.githubusercontent.com/CryptoArch65/my-epg/main/logos/m3u-ab92902a17bce4e9.png
iptv#ch-451-food-network,https://raw.githubusercontent.com/CryptoArch65/my-epg/main/logos/m3u-eceb1d3dc4181a65.png
iptv#ch-404-dox-tv,https://raw.githubusercontent.com/CryptoArch65/my-epg/main/logos/m3u-b36d0a9be05f94cb.png
iptv#ch-461-balkan-trip-hd,https://raw.githubusercontent.com/CryptoArch65/my-epg/main/logos/m3u-serbia-edcb6f3e7dc55798.png
276767784251,https://raw.githubusercontent.com/CryptoArch65/my-epg/main/logos/m3u-35f280582ba0d2e3.png
276771368141,https://raw.githubusercontent.com/CryptoArch65/my-epg/main/logos/m3u-1e1252ed47942925.png
276767784254,https://raw.githubusercontent.com/CryptoArch65/my-epg/main/logos/m3u-d94bdc4c93574c4b.png
276770344388,https://raw.githubusercontent.com/CryptoArch65/my-epg/main/logos/m3u-e3d5b1e00f69cba3.png
276767784259,https://raw.githubusercontent.com/CryptoArch65/my-epg/main/logos/m3u-dc84b4c9a538c782.png
485655592331,https://raw.githubusercontent.com/CryptoArch65/my-epg/main/logos/m3u-2ad69af29fbe1873.png
276771368146,https://raw.githubusercontent.com/CryptoArch65/my-epg/main/logos/m3u-0f123060f2430471.png
338257448306,https://raw.githubusercontent.com/CryptoArch65/my-epg/main/logos/m3u-df2e30a6708a2f98.png
iptv#ch-122-filmbox-stars,https://raw.githubusercontent.com/CryptoArch65/my-epg/main/logos/m3u-5ec03836f6b5b2c6.png
iptv#ch-euro-cinema-1,https://raw.githubusercontent.com/CryptoArch65/my-epg/main/logos/m3u-949d42cb52b98441.png
iptv#ch-euro-cinema-2,https://raw.githubusercontent.com/CryptoArch65/my-epg/main/logos/m3u-b963c96f9d983876.png
iptv#ch-euro-cinema-3,https://raw.githubusercontent.com/CryptoArch65/my-epg/main/logos/m3u-139b94bf08374f18.png
iptv#ch-euro-cinema-4,https://raw.githubusercontent.com/CryptoArch65/my-epg/main/logos/m3u-bb4b6702b540e469.png
iptv#ch-208-city-play,https://raw.githubusercontent.com/CryptoArch65/my-epg/main/logos/m3u-ff165866edd0a845.png
iptv#ch-407-toxic-tv,https://raw.githubusercontent.com/CryptoArch65/my-epg/main/logos/m3u-edf4ad717ca8a300.png
282239016175,https://raw.githubusercontent.com/CryptoArch65/my-epg/main/logos/m3u-248b1ad319533243.png
iptv#ch-206-bravo-music,https://raw.githubusercontent.com/CryptoArch65/my-epg/main/logos/m3u-8083e015d8e26341.png
276770344366,https://raw.githubusercontent.com/CryptoArch65/my-epg/main/logos/m3u-cfe33210832fa00b.png
iptv#ch-89-minimax,https://raw.githubusercontent.com/CryptoArch65/my-epg/main/logos/m3u-268179864ae145a0.png
276770344376,https://raw.githubusercontent.com/CryptoArch65/my-epg/main/logos/m3u-7cd0a1a02fbb4bbb.png
RTVPulsBrcko.ba,https://raw.githubusercontent.com/CryptoArch65/my-epg/main/logos/m3u-bosna-f5ede2f1c2cef16a.png
TVK3.ba,https://raw.githubusercontent.com/CryptoArch65/my-epg/main/logos/m3u-bosna-26571402df73d492.png
TVSlonExtra.ba,https://raw.githubusercontent.com/CryptoArch65/my-epg/main/logos/m3u-f2f088d4daa41daf.png
BN2.ba,https://raw.githubusercontent.com/CryptoArch65/my-epg/main/logos/m3u-bosna-8838a058c78f05b8.png
TelevizijaM.ba,https://raw.githubusercontent.com/CryptoArch65/my-epg/main/logos/m3u-bosna-4533bbfd0d18b475.png
OTVValentino.ba,https://raw.githubusercontent.com/CryptoArch65/my-epg/main/logos/m3u-bosna-517d27df5db3ab7e.png
RTVUSK.ba,https://raw.githubusercontent.com/CryptoArch65/my-epg/main/logos/m3u-bosna-433d7b46ec83146d.png
PinkBH.ba,https://raw.githubusercontent.com/CryptoArch65/my-epg/main/logos/m3u-pink-ebc023ca5f2fe0a7.png
Pink.rs,https://raw.githubusercontent.com/CryptoArch65/my-epg/main/logos/m3u-pink-39dbc596aeb0d019.png
PinkClassic.rs,https://raw.githubusercontent.com/CryptoArch65/my-epg/main/logos/m3u-pink-d4262bc3676653d2.png
PinkComedy.rs,https://raw.githubusercontent.com/CryptoArch65/my-epg/main/logos/m3u-pink-6ea682f362d88374.png
PinkCrimeMystery.rs,https://raw.githubusercontent.com/CryptoArch65/my-epg/main/logos/m3u-pink-3e2b0cdd2661f6ad.png
PinkExtra.rs,https://raw.githubusercontent.com/CryptoArch65/my-epg/main/logos/m3u-pink-c97c1773516b24c2.png
PinkHorror.rs,https://raw.githubusercontent.com/CryptoArch65/my-epg/main/logos/m3u-pink-5178728ef7772b8a.png
PinkMovies.rs,https://raw.githubusercontent.com/CryptoArch65/my-epg/main/logos/m3u-pink-52e7b3b47cefe471.png
PinkPremium.rs,https://raw.githubusercontent.com/CryptoArch65/my-epg/main/logos/m3u-pink-a30aa0a37a8d0221.png
PinkSciFiFantasy.rs,https://raw.githubusercontent.com/CryptoArch65/my-epg/main/logos/m3u-pink-7d7f158af783b87d.png
PinkThriller.rs,https://raw.githubusercontent.com/CryptoArch65/my-epg/main/logos/m3u-pink-8bf01aacae20f238.png
PinkWestern.rs,https://raw.githubusercontent.com/CryptoArch65/my-epg/main/logos/m3u-pink-7b8d3bc40734ad97.png
PinkAction.rs,https://raw.githubusercontent.com/CryptoArch65/my-epg/main/logos/m3u-pink-e48291f877379c61.png
PinkWorldCinema.rs,https://raw.githubusercontent.com/CryptoArch65/my-epg/main/logos/m3u-pink-73b33f3957193189.png
PinkFashion.rs,https://raw.githubusercontent.com/CryptoArch65/my-epg/main/logos/m3u-pink-f5d42dfe274e2517.png
PinkFilm.rs,https://raw.githubusercontent.com/CryptoArch65/my-epg/main/logos/m3u-pink-c40c29d7a5a37aef.png
PinkKuvar.rs,https://raw.githubusercontent.com/CryptoArch65/my-epg/main/logos/m3u-pink-9185f4055165a992.png
PinkPedia.rs,https://raw.githubusercontent.com/CryptoArch65/my-epg/main/logos/m3u-pink-127a68326d81464b.png
PinkPlus.rs,https://raw.githubusercontent.com/CryptoArch65/my-epg/main/logos/m3u-pink-b3b7a8c811c085c2.png
PinkReality.rs,https://raw.githubusercontent.com/CryptoArch65/my-epg/main/logos/m3u-pink-002b5eec4bf7988e.png
PinkRomance.rs,https://raw.githubusercontent.com/CryptoArch65/my-epg/main/logos/m3u-pink-27c20d54a061e519.png
PinkSerije.rs,https://raw.githubusercontent.com/CryptoArch65/my-epg/main/logos/m3u-pink-a4d7483b66c49716.png
PinkShow.rs,https://raw.githubusercontent.com/CryptoArch65/my-epg/main/logos/m3u-pink-3640c7082644e291.png
PinkSoap.rs,https://raw.githubusercontent.com/CryptoArch65/my-epg/main/logos/m3u-pink-1619a1c5ae797de3.png
PinkStyle.rs,https://raw.githubusercontent.com/CryptoArch65/my-epg/main/logos/m3u-pink-1ca5570fcd951f46.png
PinkZabava.rs,https://raw.githubusercontent.com/CryptoArch65/my-epg/main/logos/m3u-pink-ba3bc0b438ff69e2.png
PinkSuperKids.rs,https://raw.githubusercontent.com/CryptoArch65/my-epg/main/logos/m3u-pink-f67ae7ab00e9d368.png
PinkM.rs,https://raw.githubusercontent.com/CryptoArch65/my-epg/main/logos/m3u-pink-c39b4eb7fd1eaf8f.png
PinkFamily.rs,https://raw.githubusercontent.com/CryptoArch65/my-epg/main/logos/m3u-pink-4b5cd805b81d8f06.png
PinkKoncert.rs,https://raw.githubusercontent.com/CryptoArch65/my-epg/main/logos/m3u-pink-18daa075ded3514d.png
ElitaLive1.rs,https://raw.githubusercontent.com/CryptoArch65/my-epg/main/logos/m3u-pink-841cbe314bfee897.png
ElitaLive2.rs,https://raw.githubusercontent.com/CryptoArch65/my-epg/main/logos/m3u-pink-aa09f97996770a9b.png
ElitaLive3.rs,https://raw.githubusercontent.com/CryptoArch65/my-epg/main/logos/m3u-pink-ffc776ef82851d5b.png
ElitaLive4.rs,https://raw.githubusercontent.com/CryptoArch65/my-epg/main/logos/m3u-pink-76607e055fae16b6.png
PinkKids.rs,https://raw.githubusercontent.com/CryptoArch65/my-epg/main/logos/m3u-pink-1696925c6a644f96.png
B92.rs,https://raw.githubusercontent.com/CryptoArch65/my-epg/main/logos/m3u-serbia-389d4018db965292.png
HypeTV.rs,https://raw.githubusercontent.com/CryptoArch65/my-epg/main/logos/m3u-serbia-edf894a85f7a8498.png
Happy.rs,https://raw.githubusercontent.com/CryptoArch65/my-epg/main/logos/m3u-serbia-3f32c01a46cc4ac5.png
HRT1.hr,https://raw.githubusercontent.com/CryptoArch65/my-epg/main/logos/m3u-croatia-82a665b190704122.png
HRT2.hr,https://raw.githubusercontent.com/CryptoArch65/my-epg/main/logos/m3u-croatia-92543b65bf1393d7.png
RTL.hr,https://raw.githubusercontent.com/CryptoArch65/my-epg/main/logos/m3u-croatia-1eac55d7e9bba3c4.png
RTL2.hr,https://raw.githubusercontent.com/CryptoArch65/my-epg/main/logos/m3u-croatia-5701861a7e08cdaf.png
insajdertv.rs,https://raw.githubusercontent.com/CryptoArch65/my-epg/main/logos/m3u-serbia-71539d3c69ee7f2a.png
Balkan Trip,https://raw.githubusercontent.com/CryptoArch65/my-epg/main/logos/m3u-serbia-edcb6f3e7dc55798.png
AgroTV.rs,https://raw.githubusercontent.com/CryptoArch65/my-epg/main/logos/m3u-serbia-a8620acc2dc26d72.png
101TV.rs,https://raw.githubusercontent.com/CryptoArch65/my-epg/main/logos/m3u-serbia-d1820ab8aaef7438.png
SOS Kanal Plus,https://raw.githubusercontent.com/CryptoArch65/my-epg/main/logos/m3u-serbia-c196266824d3ccc4.png
pink-ha-ha,https://raw.githubusercontent.com/CryptoArch65/my-epg/main/logos/m3u-serbia-f193d50ee47f2141.png
pink-lol,https://raw.githubusercontent.com/CryptoArch65/my-epg/main/logos/m3u-serbia-fb5e95309395bdf5.png
pinkhaha.rs,https://raw.githubusercontent.com/CryptoArch65/my-epg/main/logos/m3u-serbia-f193d50ee47f2141.png
lol.rs,https://raw.githubusercontent.com/CryptoArch65/my-epg/main/logos/m3u-serbia-fb5e95309395bdf5.png
