guide_id,m3u_channel,logo_url,previous_logo_url
N1Serbia.rs,SR: N1 SRB,http://telekomsrbije.com:2095/images/N1 (Bosnia and Herzegovina).png,https://raw.githubusercontent.com/CryptoArch65/my-epg/main/logos/telemach-1608.png
NovaS.rs,SR: Nova SR HD,http://telekomsrbije.com:2095/images/novatv s.png,https://raw.githubusercontent.com/CryptoArch65/my-epg/main/logos/telemach-1698.png
RTS1.rs,SR: RTS 1 HD,http://telekomsrbije.com:2095/images/RTS 1 (Serbia).png,https://mediasb2c.mts.rs/medias/rts-1.jpg?context=bWFzdGVyfGNoYW5uZWxzfDM4NTd8aW1hZ2UvanBlZ3xhREV6TDJnMU15OHhOVGt3TmpNNE9UTXlOemt3TWk5eWRITWdNUzVxY0djfGM0NDIwNDBiYjlmMTNmNDI5MTQxYzlmZGUwZWNiMmM3ZDNlZTk4YTE0ZTg0N2UxMzIyNjM2NGE4NTZlMDcwOGQ
RTS2.rs,SR: RTS 2 HD,http://telekomsrbije.com:2095/images/RTS 2 (Serbia).png,https://medias.services.mtel.ba/medias/?context=bWFzdGVyfHR2LWxvZ29zfDgxMjV8aW1hZ2UvcG5nfGFEZGlMMmhsTmk4NE56azJNVFkzT0RNeE5UZ3l8ODg5YTU0Njc3MmQyYzgxMGE3YmYyYWU1MmMyY2MxYzVkNWY3NmRiZGM4ZDkwMzNiMmU4OWYwNTg2ZDc0ZGVhNw
RTS3.rs,SR: RTS 3 HD,http://telekomsrbije.com:2095/images/RTS_3_Serbia.png,https://mediasb2c.mts.rs/medias/995d94308d3a599663bd7e9ea08961b5.jpg?context=bWFzdGVyfGNoYW5uZWxzfDY0MzN8aW1hZ2UvanBlZ3xhREprTDJobU1TODROemsyTVRnNE1qYzRPREUwTHprNU5XUTVORE13T0dRellUVTVPVFkyTTJKa04yVTVaV0V3T0RrMk1XSTFMbXB3Wnd8NzgzOGVjZTJmNzQxMzlkYzM2NmZiMjg5OTlkMGY4ODVjOTUwNTIyZjFjMjYxMjhlMTAzNzVlOWM3Njg1Y2RlMQ
B92.rs,SR: B92 TV,http://telekomsrbije.com:2095/images/B92.png,
Prva.rs,SR: Prva HD,http://telekomsrbije.com:2095/images/Prva.png,https://raw.githubusercontent.com/CryptoArch65/my-epg/main/logos/telemach-1585.png
HypeTV.rs,SR: Hype TV,http://telekomsrbije.com:2095/images/hype.png,
iptv#ch-461-balkan-trip-hd,SR: Balkan Trip,http://telekomsrbije.com:2095/images/Balkan Trip TV.png,https://raw.githubusercontent.com/CryptoArch65/my-epg/main/logos/m3u-edcb6f3e7dc55798.png
BlicTV.rs,SR: Blic TV,http://telekomsrbije.com:2095/images/Blic TV.png,https://mediasb2c.mts.rs/medias/Blic-vektorski-Red.png?context=bWFzdGVyfHJvb3R8NTgzMnxpbWFnZS9wbmd8YUdGaEwyaG1NUzgyTkRFMU9EUTBNVFF6T1RJMk1pOUNiR2xqSUhabGEzUnZjbk5yYVNCU1pXUXVjRzVufDU1NzQ0MGUxYzIxYjQ0OWE0NGQ2ZjQyZTg4M2FhMjI5NTgxOTUzMDZmNGQ3Y2ViMTY1MGE3ZDQzNTRhNTEwODU
UnaTV.rs,SR: Una TV FHD,http://telekomsrbije.com:2095/images/una.png,https://mediasb2c.mts.rs/medias/50a5ce6de5a5d286bcb539a8436e6478.jpg?context=bWFzdGVyfGNoYW5uZWxzfDIxMTN8aW1hZ2UvanBlZ3xhRFk1TDJnNU1DOHhNVFE1TlRZek9UUTRNak01T0M4MU1HRTFZMlUyWkdVMVlUVmtNamcyWW1OaU5UTTVZVGcwTXpabE5qUTNPQzVxY0djfDQ0Y2QxM2E5ZDNkNWE3MTBhOWQ4YTRlYjQxMGJmYTQxMjgxMDI4MWI3ZjljNmRiNTFlZDQyYjg4ZTY3MGU2MTU
SuperstarTV1.rs,SR: Superstar FHD,http://telekomsrbije.com:2095/images/superstar.png,https://raw.githubusercontent.com/CryptoArch65/my-epg/main/logos/film-superstartv1-rs.png
SuperstarTV2.rs,SR: Superstar 2,http://telekomsrbije.com:2095/images/superstar2.png,https://raw.githubusercontent.com/CryptoArch65/my-epg/main/logos/film-superstartv2-rs.png
SuperstarTV3.rs,SR: Superstar 3 HD,http://telekomsrbije.com:2095/images/superstar3.png,https://raw.githubusercontent.com/CryptoArch65/my-epg/main/logos/film-superstartv3-rs.png
InformerTV.rs,SR: Informer FHD,http://telekomsrbije.com:2095/images/informer.png,https://medias.services.mtel.ba/medias/Informer-TV-HD.png?context=bWFzdGVyfHJvb3R8MTEzODB8aW1hZ2UvcG5nfGFHTXpMMmd6TWk4eE5EZzNOVEV3TkRZM016Z3lNaTlKYm1admNtMWxjaUJVVmlCSVJDNXdibWN8ZjNkZmQzZDA5MTFjYmUxMGM4YWNkN2FlNjBmNTJjMjIwMzJkZGJmNTZlNDZmMDc1OWUyMjRhZDE0YTk5YTIwZA
KurirTV.rs,SR: Kurir FHD,http://telekomsrbije.com:2095/images/kurir.png,https://mediasb2c.mts.rs/medias/d08345804a5a37b4fb379552a1cffd1d.jpg?context=bWFzdGVyfGNoYW5uZWxzfDk1NTV8aW1hZ2UvanBlZ3xhRFZqTDJobFlTODROemsyTVRnNE5EYzFOREl5TDJRd09ETTBOVGd3TkdFMVlUTTNZalJtWWpNM09UVTFNbUV4WTJabVpERmtMbXB3Wnd8YmQwYWI1Y2JjZTVkMzdkZTE4MjI0ZmY1ZjRlYjY3OGZhYjVlNGIxYjRjNDY0OTYyZTY4YmJmMTY4OThiYmQ3Ng
Happy.rs,SR: Happy TV,http://telekomsrbije.com:2095/images/happy.png,
RTSDrama.rs,SR: RTS Drama,http://telekomsrbije.com:2095/images/rtsdrama.png,https://mediasb2c.mts.rs/medias/rts-drama-300x169.png?context=bWFzdGVyfGNoYW5uZWxzfDYzNzJ8aW1hZ2UvcG5nfGFEUmtMMmhpWVM4ME56WTNNREU0TnpRMU9EVTVNQzl5ZEhOZlpISmhiV0ZmTXpBd2VERTJPUzV3Ym1jfDZmNWIxMDZhMjI4NWYyZDg0ZmNiY2RiZmMwYTg3NWFjODE3MjExYWZlMjUxMDI4NzA2MjJkOGRkM2Q4OTJlZmE
RTSKolo.rs,SR: RTS Kolo,http://telekomsrbije.com:2095/images/rtskolo.png,https://mediasb2c.mts.rs/medias/rts-kolo-300x169.png?context=bWFzdGVyfGNoYW5uZWxzfDE1OTgzfGltYWdlL3BuZ3xhR1JrTDJoak5DODBOelkzTURFNE56YzROakkzTUM5eWRITmZhMjlzYjE4ek1EQjRNVFk1TG5CdVp3fGJmYTBmOWMxMDVmZDYwYTcxNjhlYjMwNjJlY2E0MjZkNDg3NTI5ZTVjNjI2YTJhMzQ5N2I2OGM0ZDJkYzhkZTQ
RTSPoletarac.rs,SR: RTS Poletarac,http://telekomsrbije.com:2095/images/rtspoletarac.png,https://thumb.wikimedia.org/wikipedia/commons/thumb/2/23/RTS_Poletarac.svg/330px-RTS_Poletarac.svg.png
RTSSvet.rs,SR: RTS Svet HD,http://telekomsrbije.com:2095/images/rtssvet.png,https://medias.services.mtel.ba/medias/RTS-Svet-logo.png?context=bWFzdGVyfHR2LWxvZ29zfDc5OTB8aW1hZ2UvcG5nfGFERmtMMmd3TVM4NU56RTROakkzTmprMk5qY3dMMUpVVTE5VGRtVjBYMnh2WjI4dWNHNW58NzQ1ZTdlMTdhMTJhNmI2NWQzN2E1MDAzYmIyMDk5ZjM5MjgyNGQzNjZmZTViYjUyOTg2ZTcxZTQ2MTI3YmI0YQ
RTSTrezor.rs,SR: RTS Trezor,http://telekomsrbije.com:2095/images/rtstrezor.png,https://medias.services.mtel.ba/medias/rts-trezor-logo.png?context=bWFzdGVyfHR2LWxvZ29zfDEyODAyfGltYWdlL3BuZ3xhR1UzTDJneFl5ODBPRGd4TmpFeE16Y3hNekU0TWk5eWRITXRkSEpsZW05eUxXeHZaMjh1Y0c1bnwwNGY5ZjBlZGE1MWYxYjM4ODM0NzBlMWViMGNjNDQxNWMxOWZhYjM2ZmU5YWM1MTY4NWMwZTBhNWE4ZGIxYWVm
RTSZivot.rs,SR: RTS Zivot,http://telekomsrbije.com:2095/images/rtszivot.png,https://medias.services.mtel.ba/medias/rts-zivot-logo.png?context=bWFzdGVyfHR2LWxvZ29zfDEzMjM0fGltYWdlL3BuZ3xhR1ZsTDJnek1DODBPRGd4TmpFeE16RTFOakV5Tmk5eWRITXRlbWwyYjNRdGJHOW5ieTV3Ym1jfGE5YjY0ZTk0YzZhZDljNTk2ZTQyMmNhY2FhMDcyNzZhZjdiZjcwN2Y3ZjJkZTBiN2E0MGVjYWFlMmYyNjQyMjU
RTSNauka.rs,SR: RTS Nauka HD,http://telekomsrbije.com:2095/images/nauka.png,https://medias.services.mtel.ba/medias/rts-nauka-hd.png?context=bWFzdGVyfHR2LWxvZ29zfDE0NTkwfGltYWdlL3BuZ3xhR0psTDJneU15ODJOak16T1RBd01EQTFOemc0Tmk5eWRITXRibUYxYTJFdGFHUXVjRzVufDRlM2NlZjMxMDJjYTk1YTRmMzIzMmNkNDUwZjEzZDVkMDIzNzQzNDhkNmFlN2NhZjFjYTYyYzBmZTE4NWMzN2M
RTSKlasika.rs,SR: RTS Klasika HD,http://telekomsrbije.com:2095/images/klasika.png,https://medias.services.mtel.ba/medias/rts-klasika-logo.png?context=bWFzdGVyfHR2LWxvZ29zfDE3NjUyfGltYWdlL3BuZ3xhREptTDJneVpDODBPRGd4TmpFeE16STROekU1T0M5eWRITXRhMnhoYzJscllTMXNiMmR2TG5CdVp3fGYzMjQ2ZjEzZmU5YzYzNTNhYTZiMDdjNDA3M2MwYTU3NGY3ZGFhYzg1YjIxMzc2YmIwNGFkNGIzMDlmNTgwMzk
PrvaFiles.rs,SR: Prva Files,http://telekomsrbije.com:2095/images/files.png,https://raw.githubusercontent.com/tv-logo/tv-logos/main/countries/serbia/prva-files-rs.png
PrvaKick.rs,SR: Prva Kick,http://telekomsrbije.com:2095/images/kick.png,https://raw.githubusercontent.com/CryptoArch65/my-epg/main/logos/telemach-1583.png
PrvaLife.rs,SR: Prva Life,http://telekomsrbije.com:2095/images/life.png,https://raw.githubusercontent.com/tv-logo/tv-logos/main/countries/serbia/prva-life-rs.png
PrvaMax.rs,SR: Prva Max,http://telekomsrbije.com:2095/images/max.png,https://medias.services.mtel.ba/medias/prva-max-2023-logo.png?context=bWFzdGVyfHR2LWxvZ29zfDEwMTk3fGltYWdlL3BuZ3xhRGRpTDJnMVlpOHhOakl3TmpjNE56ZzNNRGMxTUM5d2NuWmhYMjFoZUY4eU1ESXpYMnh2WjI4dWNHNW58MTM4MTJiZDNkNTRiNGVlYjA2ODUxNzY1NTY2ZTZhMjY0NzNkMTYyMjI4NDZiMjU3NTk4OGIzMjg4MmFmODU4YQ
PrvaPlus.rs,SR: Prva Plus,http://telekomsrbije.com:2095/images/plus.png,https://raw.githubusercontent.com/CryptoArch65/my-epg/main/logos/telemach-1584.png
PrvaWorld.rs,SR: Prva World,http://telekomsrbije.com:2095/images/world.png,https://raw.githubusercontent.com/CryptoArch65/my-epg/main/logos/telemach-1582.png
EuronewsSerbia.rs,SR: Euronews SRB HD,http://telekomsrbije.com:2095/images/euronews.png,https://mediasb2c.mts.rs/medias/d849c4867986987a7e3d5214ef3ac0ec.jpg?context=bWFzdGVyfGNoYW5uZWxzfDE5NTAxfGltYWdlL2pwZWd8YUdGa0wyaG1ZUzh4TURrMk1UazVOalF4TlRBd05pOWtPRFE1WXpRNE5qYzVPRFk1T0RkaE4yVXpaRFV5TVRSbFpqTmhZekJsWXk1cWNHY3xiMTVjOWExMDFhNDhjY2M5ZTQwOGZlOTlkN2ZhNjE0YTQxZGQ2M2I3MWMzYzA1NGRkY2EyODMwMDU2MmNjMzgw
RTV1.rs,SR: RTV Vojvodina 1,http://telekomsrbije.com:2095/images/rtv 1.png,https://mediasb2c.mts.rs/medias/RTV1-logo-sivo.jpg-200x200.jpg?context=bWFzdGVyfGNoYW5uZWxzfDMwODh8aW1hZ2UvanBlZ3xhREUyTDJoaFlTODFNRFV3TURrek9UZzNORE16TkM5U1ZGWXhYMnh2WjI5ZmMybDJieTVxY0dkZk1qQXdlREl3TUM1cWNHY3xiZjZjODNhZDRhYzMyNzk3NTI4YzIwZTQ2MDgwZWQ4YTU4YWNlNDcxMDY2NjdhNjJlMmVjMzkxZjdiMzkwYWVj
RTV2.rs,SR: RTV Vojvodina 2,http://telekomsrbije.com:2095/images/rtv 2.png,https://mediasb2c.mts.rs/medias/RTV2-logo-sivo.jpg-200x200.jpg?context=bWFzdGVyfGNoYW5uZWxzfDI5ODJ8aW1hZ2UvanBlZ3xhREk0TDJnMU5TODFNRFV3TURrME1ERXpOalEzT0M5U1ZGWXlYMnh2WjI5ZmMybDJieTVxY0dkZk1qQXdlREl3TUM1cWNHY3wzNWQyMjEzNDUzZjg3NTk5NTczNjNiMDg1MDBiOTQwNjY3NzlhOTJhZjFkMjJkMTY0MTBlOTYyMjZlNTkyNmNm
KCN1.ba,SR: KCN 1,http://telekomsrbije.com:2095/images/4GVLcYD2DaD7LyaDXYTdAluUjarph9yhrk9E1oGaHnspGoJTYmsxxrxLAzSp1sMqcQFFZWmQTiBWMubEMJTnSg.png,https://raw.githubusercontent.com/CryptoArch65/my-epg/main/logos/telemach-1617.png
KCNMusic2.ba,SR: KCN 2,http://telekomsrbije.com:2095/images/kcn2.png,https://raw.githubusercontent.com/CryptoArch65/my-epg/main/logos/telemach-1634.png
KCNSvet3.ba,SR: KCN 3,http://telekomsrbije.com:2095/images/kcn3.png,https://raw.githubusercontent.com/CryptoArch65/my-epg/main/logos/telemach-1644.png
TanjugTV.rs,SR: Tanjug TV,https://yt3.googleusercontent.com/BdIHqZZFSe2SDKI0rDPXHQ2TsQsDb52IhNDqhWiSp5T9-2BdFf7MN5LrRfNX_q3HcxpUXnxs=s900-c-k-c0x00ffffff-no-rj,https://mediasb2c.mts.rs/medias/478e45abb693bb231e77051986cce6ec.jpg?context=bWFzdGVyfGNoYW5uZWxzfDUyMDl8aW1hZ2UvanBlZ3xhREEwTDJobU55OHhNRGsyTVRrNU5qZzNNemMxT0M4ME56aGxORFZoWW1JMk9UTmlZakl6TVdVM056QTFNVGs0Tm1OalpUWmxZeTVxY0djfGQzODcwNjlkNDk3OGI1YmY5NjU3MzJlZmY1NTQwNjI5YmU0NjdkM2FiYjcyMjBmMmQ4ODI0ZGFjNDVlNDY5NTQ
CityPlay.ba,SR: City Play HD,http://telekomsrbije.com:2095/images/cityplay.png,https://raw.githubusercontent.com/CryptoArch65/my-epg/main/logos/telemach-1693.png
SandzakTV.rs,SR: Sandzak TV HD,http://telekomsrbije.com:2095/images/sandzak.png,https://raw.githubusercontent.com/CryptoArch65/my-epg/main/logos/serbia-sandzaktv-rs.png
TVLeskovac.rs,SR: TV Leskovac,http://telekomsrbije.com:2095/images/leskovac.png,https://raw.githubusercontent.com/CryptoArch65/my-epg/main/logos/serbia-tvleskovac-rs.png
RTVNoviPazar.rs,SR: Novi Pazar HD,http://telekomsrbije.com:2095/images/novipazar.png,https://raw.githubusercontent.com/CryptoArch65/my-epg/main/logos/telemach-1524.png
K1.rs,SR: K1 TV,http://telekomsrbije.com:2095/images/k1.png,https://medias.services.mtel.ba/medias/?context=bWFzdGVyfHR2LWxvZ29zfDI5NTB8aW1hZ2UvcG5nfGFHSXhMMmc0T0M4NE56azJNVGt3TURFMU5URTR8OTAyNDk4ZGM0YTMzMTliYTdlYzFkOThlMDEwYmJjNTIxZGM5MTk4YzJlMmU5MDgxZWEyNWRlODk5NjcxZjY0Yw
TVKrusevac.rs,SR: RTK Krusevac,http://telekomsrbije.com:2095/images/krusevac.png,https://raw.githubusercontent.com/CryptoArch65/my-epg/main/logos/serbia-tvkrusevac-rs.png
StudioB.rs,SR: Studio B,http://telekomsrbije.com:2095/images/Studio B.png,https://mediasb2c.mts.rs/medias/3567dfad588c1af7b7a6cc8ac546b471.png?context=bWFzdGVyfGNoYW5uZWxzfDMyMzczfGltYWdlL3BuZ3xhR0l4TDJnek55ODROemsyTVRZME1qa3lOak00THpNMU5qZGtabUZrTlRnNFl6RmhaamRpTjJFMlkyTTRZV00xTkRaaU5EY3hMbkJ1Wnd8NjM4OTQzN2I2OTM4MmMyNDc2Njg3MmU3MWE4MDVmYzQyZjk5MDdmYmZiM2M3M2JjODFlMjdkYzM5NmMyYjIzYw
TVHram.rs,SR: Hram TV,http://telekomsrbije.com:2095/images/4GVLcYD2DaD7LyaDXYTdAluUjarph9yhrk9E1oGaHns6qElarlgE2DmRS6QtEQv85Z-MFZAxmQR44RtTCRCIGQ.png,https://mediasb2c.mts.rs/medias/6ae6224580f858394442a4a6e5836a34.png?context=bWFzdGVyfGNoYW5uZWxzfDUzMDM5fGltYWdlL3BuZ3xhRE01TDJneVpTODROemsyTVRZME5USXlNREUwTHpaaFpUWXlNalExT0RCbU9EVTRNemswTkRReVlUUmhObVUxT0RNMllUTTBMbkJ1Wnd8ODVlMjE2MWZjNTIxNWE3NmM2MGRlOGY3MTkwNTljZWNhMWFlZTdhOWUzMzFlMmYzYWVhNTljYTI1ZDg5NTcyNA
PalmaPlus.rs,SR: Palma Plus,http://telekomsrbije.com:2095/images/palma.png,https://mediasb2c.mts.rs/medias/eafbff40e449be04d90dac71ed18acd0.png?context=bWFzdGVyfGNoYW5uZWxzfDQyMzUwfGltYWdlL3BuZ3xhR1E0TDJnNU1DODROemsyTVRjeE9EazBPREUwTDJWaFptSm1aalF3WlRRME9XSmxNRFJrT1RCa1lXTTNNV1ZrTVRoaFkyUXdMbkJ1Wnd8YjkyODUyNTgwNjgxMjUzMWU5ZTY4NzcwMWJmZGZmOGY2OTUxYmY4NjBlNjk0MjEwN2FmM2Y4NDM1N2E3MDdjZQ
