m3u_channel,playlist_tvg_id,logo_url,status
SR: Hype 2,hype-2-rs,http://telekomsrbije.com:2095/images/hype2.png,no matching guide channel
SR: Narodna TV HD,1595,http://telekomsrbije.com:2095/images/narodna.png,no matching guide channel
SR: Red TV,pink-2,http://telekomsrbije.com:2095/images/red.png,no matching guide channel
SR: Agro TV,agro_tv,http://telekomsrbije.com:2095/images/agro.png,no matching guide channel
SR: Vesti HD,vesti,http://telekomsrbije.com:2095/images/vesti.png,no matching guide channel
SR: Insajder HD,insajder,http://telekomsrbije.com:2095/images/insajder.png,no matching guide channel
SR: Happy Reality 1,happy_reality_1,http://telekomsrbije.com:2095/images/smNRk2YUwwvahw0xkN1EaQxz6ybPBT_Ce9t0Z3yNJpgIxExhSRz1IZ-G1Rf4oIodr73M4Uhv5sV79TK9rgj3tFEtN9QeExc3nd8-lziwaew.png,no matching guide channel
SR: Slobodna TV,Slobodna%20televizija,https://encrypted-tbn0.gstatic.com/images?q=tbn:ANd9GcRpU3_PqLfljFsxPef_N4WyHVAEyo43EXiZ7w&s,no matching guide channel
SR: HA HA,pink-ha-ha,http://telekomsrbije.com:2095/images/haha.png,no matching guide channel
SR: LOL,pink-lol,http://telekomsrbije.com:2095/images/lol.png,no matching guide channel
SR: SOS Kanal Plus,sos_kanal_plus,http://telekomsrbije.com:2095/images/SOS Kanal Plus.png,no matching guide channel
SR: YU Planet,,http://telekomsrbije.com:2095/images/planet.png,no matching guide channel
SR: TV Mreža most,tv_mreza_most_hd,http://telekomsrbije.com:2095/images/most.png,no matching guide channel
SR: Koreni TV,koreni,http://telekomsrbije.com:2095/images/koreni.png,no matching guide channel
SR: Ekovizija HD,Eko%20vizija,http://telekomsrbije.com:2095/images/ekovizija.png,no matching guide channel
SR: Naša TV,nasa_tv,http://telekomsrbije.com:2095/images/4GVLcYD2DaD7LyaDXYTdAluUjarph9yhrk9E1oGaHnvw5i5OJtwOOU57PvjZmsQETWfaWapMSOfD_cwDB7AijQ.png,no matching guide channel
SR: Kuvo TV,kuvo_tv,http://telekomsrbije.com:2095/images/kuvo.png,no matching guide channel
SR: RT Balkans,RT_Balkan,http://telekomsrbije.com:2095/images/RT_Balkan.png,no matching guide channel
SR: RTV Kragujevac,rtv_kragujevac,https://yt3.googleusercontent.com/ytc/AIdro_mpGAN_q4okN-BNYf6DASz8Xmp0D5D8AuC58xngTLcjPTM=s900-c-k-c0x00ffffff-no-rj,no matching guide channel
SR: Belle Amie HD,belle-amie,http://telekomsrbije.com:2095/images/belle-amie.png,no matching guide channel
SR: Niš TV,NI%C5%A0tv,http://telekomsrbije.com:2095/images/nistv.png,no matching guide channel
SR: TV Pancevo,rtv-pancevo,http://telekomsrbije.com:2095/images/pancevo.png,no matching guide channel
SR: BOR TV,tv_bor,http://telekomsrbije.com:2095/images/FVpTnyoINiguaAKKmYnVnEJpoAFYhJ4qwc22tEDDJS8NyW_QTSdSJj-H9Q0T3WbTQmrp0WBeSqlEh0lVt8pO0LUQRi-5kSDAMZoahfbA0aiawjcYVTj0ln1rFRV9Mteg.jpg,no matching guide channel
SR: RTV Mlava,,http://telekomsrbije.com:2095/images/mlava.png,no matching guide channel
SR: KTV Zrenjanin,,http://telekomsrbije.com:2095/images/zrenjanin.png,no matching guide channel
SR: Newsmax Balkans HD,Newsmax_Balkans,http://telekomsrbije.com:2095/images/nmax.jpg,no matching guide channel
