playlist_tvg_id,display_name,m3u_channel,logo_url
HRTTV1.hr,|HR| HRT 1,HR: HRT 1 HD,http://telekomsrbije.com:2095/images/hrt.png
HRTTV2.hr,|HR| HRT 2,HR: HRT 2 HD,http://telekomsrbije.com:2095/images/hrt2.png
HRT3.hr,|HR| HRT 3,HR: HRT 3 HD,http://telekomsrbije.com:2095/images/hrt3.png
HRT4.hr,|HR| HRT 4,HR: HRT 4 HD,http://telekomsrbije.com:2095/images/hrt4.png
htv5,|HR| HRT INT,HR: HRT INT,http://telekomsrbije.com:2095/images/HRT International.png
NovaTV.hr,|HR| NOVA TV,HR: Nova TV HD,http://telekomsrbije.com:2095/images/Nova tv.png
novatv.hr,|HR| NOVA TV HD,HR: Nova TV HD,http://telekomsrbije.com:2095/images/Nova tv.png
nova-plus-family,|HR| NOVA FAMILY HD,HR: Nova Family HD,http://telekomsrbije.com:2095/images/novafamily.png
nova-plus-cinema,|HR| NOVA CINEMA HD,Nova Cinema HD,http://telekomsrbije.com:2095/images/7fegvccqkgbNWZhUfcS7Om1UaqBarxXH17TnbGdozTWS4C2utt87Fqnaw0edw5K2UGlLbbR-gBuiPKmIahpdLw.png
rtl-adria,|HR| RTL ADRIA,HR: RTL Adria HD,http://telekomsrbije.com:2095/images/RTL Adria.png
rtl2,|HR| RTL 2,HR: RTL 2 HD,http://telekomsrbije.com:2095/images/RTL 2.png
RTLPassion.hr,|HR| RTL PASSION,HR: RTL Passion HD,http://telekomsrbije.com:2095/images/RTL Passion (Croatia).png
RTLLiving.hr,|HR| RTL LIVING,HR: RTL Living HD,http://telekomsrbije.com:2095/images/RTL Living (Croatia).png
RTLCrime.hr,|HR| RTL CRIME,HR: RTL Crime HD,http://telekomsrbije.com:2095/images/RTL Crime.png
MrezaZG.hr,|HR| MREZA ZAGREB,HR: Mreza TV Zagreb,http://telekomsrbije.com:2095/images/zagreb.png
z1.hr,|HR| Z 1,HR: Z1 TV HD,http://telekomsrbije.com:2095/images/z1.png
N1Croatia.hr,N1 INFO HR,HR: N1 HR,http://telekomsrbije.com:2095/images/N1 Croatia.png
LaudatoTV.hr,LAUDATO TV,HR: Laudato TV,http://telekomsrbije.com:2095/images/Laudato TV.png
OsječkaTV.hr,OSJECKA TV,HR: Osjecka TV,http://telekomsrbije.com:2095/images/Osjecke televizije.png
VinkovačkaTV.hr,PLAVA VINKOVACKA TV,HR: Plava Vinkovacka TV,http://telekomsrbije.com:2095/images/plava.png
sbtv.hr,SBTV,HR: SBTV HD,http://telekomsrbije.com:2095/images/sbtv.png
SlavonskaTV.hr,SLAVONSKA TV,HR: Slavonska TV,http://telekomsrbije.com:2095/images/stv.jpg
RTB.hr,TV BANOVINA,HR: Banovina TV HD,http://telekomsrbije.com:2095/images/banovina.png
otv.hr,OTv,HR: OTV Hrvatska,http://telekomsrbije.com:2095/images/otv.png
TVJadran.hr,JADRAN TV,HR: TV Jadran,http://telekomsrbije.com:2095/images/jadran.png
zdravatv.hr,ZDRAVA TV,HR: Zdrava TV,http://telekomsrbije.com:2095/images/zdravatv.png
Diadora TV_max,DIADORA TV,HR: Diadora TV HD,http://telekomsrbije.com:2095/images/diadora.png
Libertas TV,HR: LIBERTAS,HR: Libertas TV,http://telekomsrbije.com:2095/images/Libertas TV.png
