guide_id,m3u_channel,logo_url
ArenaSport6.ba,Arena Sport 6 HD (BiH),http://telekomsrbije.com:2095/images/Arena Sport 6.png
arenasport6.ba,Arena Sport 6 HD (BiH),http://telekomsrbije.com:2095/images/Arena Sport 6.png
276767784233,History 2,http://telekomsrbije.com:2095/images/history2.png
H2.hr,History 2,http://telekomsrbije.com:2095/images/history2.png
iptv#ch-140-docubox-hd,DocuBox HD,http://telekomsrbije.com:2095/images/docubox.png
docubox.ba,DocuBox HD,http://telekomsrbije.com:2095/images/docubox.png
iptv#ch-153-24-kitchen,24 Kitchen HD,http://telekomsrbije.com:2095/images/7fegvccqkgbNWZhUfcS7Om1UaqBarxXH17TnbGdozTUW9jhTXP1-KaP4Vp6q-nYkdAWbFINA-aZySxQLNPox3w.png
24kitchen.ba,24 Kitchen HD,http://telekomsrbije.com:2095/images/7fegvccqkgbNWZhUfcS7Om1UaqBarxXH17TnbGdozTUW9jhTXP1-KaP4Vp6q-nYkdAWbFINA-aZySxQLNPox3w.png
iptv#ch-451-food-network,Food Network HD,http://telekomsrbije.com:2095/images/jhzTAbNNjDj-IYCZPrtpfnDhBohKxElNd_mPj4z-x8burc7Zs5IH9yVueUbyZe-B3yPkfMwcrRqyV0TYql6xeU1cUjQ-NEHwE2-6UGoUPU8.png
foodnetwork.ba,Food Network HD,http://telekomsrbije.com:2095/images/jhzTAbNNjDj-IYCZPrtpfnDhBohKxElNd_mPj4z-x8burc7Zs5IH9yVueUbyZe-B3yPkfMwcrRqyV0TYql6xeU1cUjQ-NEHwE2-6UGoUPU8.png
iptv#ch-404-dox-tv,DOX TV (tvlogo.org),https://www.tvlogo.org/serbia/dox-tv-rs.png
DOX TV,DOX TV (tvlogo.org),https://www.tvlogo.org/serbia/dox-tv-rs.png
iptv#ch-461-balkan-trip-hd,SR: Balkan Trip,http://telekomsrbije.com:2095/images/Balkan Trip TV.png
balkantrip.ba,SR: Balkan Trip,http://telekomsrbije.com:2095/images/Balkan Trip TV.png
276767784251,HBO HD,http://telekomsrbije.com:2095/images/HBO.png
hbo.hr,HBO HD,http://telekomsrbije.com:2095/images/HBO.png
276771368141,HBO 2 HD,http://telekomsrbije.com:2095/images/HBO 2.png
hbo2.hr,HBO 2 HD,http://telekomsrbije.com:2095/images/HBO 2.png
276767784254,HBO 3 HD,http://telekomsrbije.com:2095/images/HBO 3.png
hbo3.hr,HBO 3 HD,http://telekomsrbije.com:2095/images/HBO 3.png
276770344388,CINEMAX 1 HD,http://telekomsrbije.com:2095/images/AUWykH0DVEDOweqhfX5-yhm2ShwbbbnR1yJLvWnQpHmEHCTkLyc3C5b_umAF_23_K-rfP5YgkgRRMD_8jk_o3Q.png
cinemax.hr,CINEMAX 1 HD,http://telekomsrbije.com:2095/images/AUWykH0DVEDOweqhfX5-yhm2ShwbbbnR1yJLvWnQpHmEHCTkLyc3C5b_umAF_23_K-rfP5YgkgRRMD_8jk_o3Q.png
276767784259,CINEMAX 2 HD,http://telekomsrbije.com:2095/images/AUWykH0DVEDOweqhfX5-yhm2ShwbbbnR1yJLvWnQpHlfBfuU8hRsC_Deg7yz2G4f-dChmwbEurWcS06M7VIJnQ.png
cinemax2.hr,CINEMAX 2 HD,http://telekomsrbije.com:2095/images/AUWykH0DVEDOweqhfX5-yhm2ShwbbbnR1yJLvWnQpHlfBfuU8hRsC_Deg7yz2G4f-dChmwbEurWcS06M7VIJnQ.png
485655592331,AMC Balkan HR,http://telekomsrbije.com:2095/images/amc.png
amc.hr,AMC Balkan HR,http://telekomsrbije.com:2095/images/amc.png
276771368146,Epic Drama,http://telekomsrbije.com:2095/images/epicdrama.png
epicdrama.hr,Epic Drama,http://telekomsrbije.com:2095/images/epicdrama.png
338257448306,Viasat Kino HD,http://telekomsrbije.com:2095/images/viasat_kino.png
tv1000.hr,Viasat Kino HD,http://telekomsrbije.com:2095/images/viasat_kino.png
iptv#ch-122-filmbox-stars,FilmBox Stars HD,http://telekomsrbije.com:2095/images/fbs.png
filmboxstars.hr,FilmBox Stars HD,http://telekomsrbije.com:2095/images/fbs.png
iptv#ch-euro-cinema-1,Euro Cinema 1 HD,http://telekomsrbije.com:2095/images/smNRk2YUwwvahw0xkN1EaQxz6ybPBT_Ce9t0Z3yNJpgIxExhSRz1IZ-G1Rf4oIod4utU15MiI3PbBumgNieDcaSz7zR2WSDnquD8jiLvpSA.png
eurocinema1.ba,Euro Cinema 1 HD,http://telekomsrbije.com:2095/images/smNRk2YUwwvahw0xkN1EaQxz6ybPBT_Ce9t0Z3yNJpgIxExhSRz1IZ-G1Rf4oIod4utU15MiI3PbBumgNieDcaSz7zR2WSDnquD8jiLvpSA.png
iptv#ch-euro-cinema-2,Euro Cinema 2 HD,http://telekomsrbije.com:2095/images/smNRk2YUwwvahw0xkN1EaQxz6ybPBT_Ce9t0Z3yNJpgIxExhSRz1IZ-G1Rf4oIod4utU15MiI3PbBumgNieDcSjQXSjc3e8UUGAgfA5EBVI.png
eurocinema2.ba,Euro Cinema 2 HD,http://telekomsrbije.com:2095/images/smNRk2YUwwvahw0xkN1EaQxz6ybPBT_Ce9t0Z3yNJpgIxExhSRz1IZ-G1Rf4oIod4utU15MiI3PbBumgNieDcSjQXSjc3e8UUGAgfA5EBVI.png
iptv#ch-euro-cinema-3,Euro Cinema 3 HD,http://telekomsrbije.com:2095/images/smNRk2YUwwvahw0xkN1EaQxz6ybPBT_Ce9t0Z3yNJpgIxExhSRz1IZ-G1Rf4oIod4utU15MiI3PbBumgNieDcRG7-nO0e_1Pb5TEBT6hRfs.png
eurocinema3.ba,Euro Cinema 3 HD,http://telekomsrbije.com:2095/images/smNRk2YUwwvahw0xkN1EaQxz6ybPBT_Ce9t0Z3yNJpgIxExhSRz1IZ-G1Rf4oIod4utU15MiI3PbBumgNieDcRG7-nO0e_1Pb5TEBT6hRfs.png
iptv#ch-euro-cinema-4,Euro Cinema 4 HD,http://telekomsrbije.com:2095/images/smNRk2YUwwvahw0xkN1EaQxz6ybPBT_Ce9t0Z3yNJpgIxExhSRz1IZ-G1Rf4oIod4utU15MiI3PbBumgNieDcYN7hRLsMD4vwSpGqQHcySk.png
eurocinema4.ba,Euro Cinema 4 HD,http://telekomsrbije.com:2095/images/smNRk2YUwwvahw0xkN1EaQxz6ybPBT_Ce9t0Z3yNJpgIxExhSRz1IZ-G1Rf4oIod4utU15MiI3PbBumgNieDcYN7hRLsMD4vwSpGqQHcySk.png
iptv#ch-208-city-play,SR: City Play HD,http://telekomsrbije.com:2095/images/cityplay.png
iptv#ch-407-toxic-tv,Toxic TV FHD,http://telekomsrbije.com:2095/images/toxic.png
toxictv.ba,Toxic TV FHD,http://telekomsrbije.com:2095/images/toxic.png
282239016175,Jugoton TV,http://telekomsrbije.com:2095/images/jugoton.png
Jugoton.hr (src05),Jugoton TV,http://telekomsrbije.com:2095/images/jugoton.png
iptv#ch-206-bravo-music,Bravo Music,http://telekomsrbije.com:2095/images/bravomusic.png
276770344366,Baby TV HD,http://telekomsrbije.com:2095/images/baby.png
babytv.hr,Baby TV HD,http://telekomsrbije.com:2095/images/baby.png
iptv#ch-89-minimax,Minimax,http://telekomsrbije.com:2095/images/minimax.png
276770344376,Nicktoons HD HR,http://telekomsrbije.com:2095/images/Nicktoons.png
nicktoons.hr,Nicktoons HD HR,http://telekomsrbije.com:2095/images/Nicktoons.png
RTVPulsBrcko.ba,BH: RTV Puls Brčko HD,http://telekomsrbije.com:2095/images/rtspuls.png
TVK3.ba,BH: K3,http://telekomsrbije.com:2095/images/4GVLcYD2DaD7LyaDXYTdAluUjarph9yhrk9E1oGaHntlmWrvvsqs83g01CTbmqOhdBduHFTklo8dxOGktui2Cg.jpg
tvk3.ba,BH: K3,http://telekomsrbije.com:2095/images/4GVLcYD2DaD7LyaDXYTdAluUjarph9yhrk9E1oGaHntlmWrvvsqs83g01CTbmqOhdBduHFTklo8dxOGktui2Cg.jpg
TVSlonExtra.ba,BH: RTV Slon FHD,http://telekomsrbije.com:2095/images/slon.png
