channel_id,display_name,source_page,fallback_logo
bravo!tv.hr,BRAVO! TV,https://bravo.hr/bravotv/,https://bravo.hr/template/img/logo-short.svg
toxicrap.ba,Toxic Rap,https://www.tvprogramdanas.net/toxic-rap,https://www.tvprogramdanas.net/uploads/logos/toxic-rap.webp
kristaltv.ba,Kristal TV HD,https://tvkristal.com/,https://logos.siptvs.com/EXYU/full/kristalhd.png
uzivoteka.ba,UZIVOTEKA,https://www.youtube.com/@uzivotekaofficial,https://logos.siptvs.com/EXYU/full/uzivoteka.png
kafanska.ba,KAFANSKA HD,https://www.instagram.com/p/Cdfcj4_N6e1/,https://logos.siptvs.com/EXYU/Fullfull/kafanska.png
kafanskovece.ba,Kafansko Veče,https://www.instagram.com/p/Cdfcj4_N6e1/,https://logos.siptvs.com/EXYU/full/kafanskovece.png
tvduga+sat.ba,DUGA TV,https://www.facebook.com/TVDugaPlus/about/,https://logos.siptvs.com/EXYU/Fullfull/dugatv.png
imperiatv.ba,IMPERIA HD,https://www.youtube.com/c/ImperiaTVHD,https://logos.siptvs.com/EXYU/Fullfull/imperia.png
yuplanet.at,YU PLANET,https://yuplanet.at/sendungen/,https://logos.siptvs.com/EXYU/Fullfull/yuplanet.png
