guide_id,mts_site_id,channel_name
PinkBH.ba,Pink_BH,Pink BH
Pink.rs,tv_pink,Pink FHD
PinkClassic.rs,pink_classic,Pink Classic
PinkComedy.rs,pink_comedy,Pink Comedy
PinkCrimeMystery.rs,pink_crime_%26_mystery,Pink Crime & Mistery
PinkExtra.rs,pink_extra,Pink Extra
PinkHorror.rs,pink_horror,Pink Horror
PinkMovies.rs,pink_movies,Pink Movies
PinkPremium.rs,pink_premium_hd,Pink Premium HD
PinkSciFiFantasy.rs,pink_sci-fi_%26_fantasy,Pink Sci-Fi&Fantasy
PinkThriller.rs,pink_thriller,Pink Thriller
PinkWestern.rs,pink_western,Pink Western
PinkAction.rs,pink_action,Pink Action
PinkWorldCinema.rs,pink_world_cinema,Pink World Cinema
PinkFashion.rs,pink_fashion,Pink Fashion
PinkFilm.rs,pink_film,Pink Film
PinkKuvar.rs,pink_kuvar,Pink Kuvar
PinkPedia.rs,pink_pedia,Pink Pedia
PinkPlus.rs,pink_plus,Pink Plus
PinkReality.rs,pink_reality,Pink Reality
PinkRomance.rs,pink_romance,Pink Romance
PinkSerije.rs,pink_serije,Pink Serije
PinkShow.rs,pink_show,Pink Show
PinkSoap.rs,pink_soap,Pink Soap
PinkStyle.rs,pink_style,Pink Style
PinkZabava.rs,pink_zabava,Pink Zabava
PinkSuperKids.rs,pink_super_kids,Pink Super KIDS
PinkFolk1.rs,pink_folk,Pink Folk 1
PinkFolk2.rs,pink_folk_2,Pink Folk 2
PinkHits.rs,pink_hits_1,Pink Hits 1
PinkHits2.rs,pink_hits_2,Pink Hits 2
PinkMusic.rs,pink_music,Pink Music 1
PinkMusic2.rs,pink_music_2,Pink Music 2
PinkM.rs,pink_montenegro,Pink M
PinknRoll.rs,pink%26roll,Pink & Roll
PinkFamily.rs,pink_family,Pink Family
PinkKoncert.rs,pink_koncert,Pink Koncert
BravoMusic.ba,bravo_music,Bravo Music
ElitaLive1.rs,Zadruga%20live_1,Zadruga Elita 1
ElitaLive2.rs,Zadruga%20live_2,Zadruga Elita 2
ElitaLive3.rs,Zadruga%20live_3,Zadruga Elita 3
ElitaLive4.rs,Zadruga%20live_4,Zadruga Elita 4
PinkKids.rs,pink_kids,Pink KIDS
