playlist_tvg_id,guide_id,display_name
BHT.1.ba (src05),BHT1.ba,|BIH| BHT 1 HD
FTV.HD.(BIH).ba (src05),Federalnatelevizija.ba,|BIH| FTV HD
obn.ba,OBN.ba,|BIH| OBN HD
Hayat HD.ba (src09),Hayat.ba,|BIH| HAYAT BiH HD
FaceHD.ba,FACETV.ba,|BIH| FACE TV HD
RTRS.rs,RTRSTV.ba,|BIH| RTRS HD
N1BiH.ba (src01),N1.ba,|BIH| N1 INFO
TVSarajevo.ba (src01),TVSA.ba,|BIH| TV SARAJEVO
HRTTV1.hr,HRT1.hr,|HR| HRT 1 HD
HRTTV2.hr,HRT2.hr,|HR| HRT 2 HD
novatv.hr,NovaTV.hr,|HR| NOVA TV HD
RTLTelevizija.hr,RTL.hr,|HR| RTL HD
RTL2HR.hr (src09),RTL2.hr,|HR| RTL 2 HD
rts1.rs,RTS1.rs,|SRB| RTS 1 HD
RTS.3.HD.rs (src05),RTS3.rs,|SRB| RTS 3
RTSMuzika.rs (src01),RTSMuzika.rs,|SRB| RTS MUZIKA
Prva HD (SR).rs,Prva.rs,|SRB| PRVA TV HD
Prva World,PrvaWorld.rs,|SRB| PRVA WORLD HD
prva-max.sr,PrvaMax.rs,|SRB| PRVA MAX HD
b92,B92.rs,|SRB| B92
informertv.rs,InformerTV.rs,|SRB| INFORMER
Hype TV,HypeTV.rs,|SRB| HYPE TV
happytv,Happy.rs,|SRB| HAPPY TV HD
pinkplus.rs,PinkPlus.rs,PINK PLUS
pinkfilm.rs,PinkFilm.rs,PINK FILM
pinkfamily.rs,PinkFamily.rs,PINK FAMILY
pinkaction.rs,PinkAction.rs,PINK ACTION
pinkmovies.rs,PinkMovies.rs,PINK MOVIES
pinkwestern.rs,PinkWestern.rs,PINK WESTERN
pinkclassic.rs,PinkClassic.rs,PINK CLASSIC
pinkpremium.rs,PinkPremium.rs,PINK PREMIUM
pinkthriller.rs,PinkThriller.rs,PINK THRILLER
pinkscifi.rs,PinkSciFiFantasy.rs,PINK SCI-FI & FANTASY
pinkcrime&mystery.rs,PinkCrimeMystery.rs,PINK CRIME & MYSTERY
pinkcomedy.rs,PinkComedy.rs,PINK COMEDY
pinkwcinema.rs,PinkWorldCinema.rs,PINK WORLD CINEMA
pinkhorror.rs,PinkHorror.rs,PINK HORROR
pinkromance.rs,PinkRomance.rs,PINK ROMANCE
pinkkoncert.rs,PinkKoncert.rs,PINK KONCERT
pinkshow.rs,PinkShow.rs,PINK SHOW
pinkfashion.rs,PinkFashion.rs,PINK FASHION
pinkworld.rs,PinkWorld.rs,PINK WORLD
pinkstyle.rs,PinkStyle.rs,PINK STYLE
ArenaSport1.ba (src01),ArenaSport1.ba,|BH| ARENA SPORT 1
Arena Sport 2 HD.ba (src09),ArenaSport2.ba,|BH| ARENA SPORT 2
Arenasport 03.ba (src09),ArenaSport3.ba,|BH| ARENA SPORT 3
arenasport6.ba,ArenaSport6.ba,|BH| ARENA SPORT 6
maxsport1.hr,311616552052,|HR| MAX SPORT 1 HD
maxsport2.hr,311620648169,|HR| MAX SPORT 2
arenasport1.hr,ArenaSport1.hr@SD,|HR| ARENA SPORT 1 HD
arenasport2.hr,ArenaSport2.hr@SD,|HR| ARENA SPORT 2 HD
arenasport3.hr,ArenaSport3.hr@SD,|HR| ARENA SPORT 3 HD
arenasport4.hr,ArenaSport4.hr@SD,|HR| ARENA SPORT 4  HD
arenasport5.hr,ArenaSport5.hr@SD,|HR| ARENA SPORT 5 HD
arenasport6.hr,ArenaSport6.hr@SD,|HR| ARENA SPORT 6
arenasport7.hr,ArenaSport7.hr@SD,|HR| ARENA SPORT 7
arenasport8.hr,ArenaSport8.hr@SD,|HR| ARENA SPORT 8
arenasport9.hr,ArenaSport9.hr@SD,|HR| ARENA SPORT 9
arenasport10.hr,ArenaSport10.hr@SD,|HR| ARENA SPORT 10
sportklub1.hr,SportKlubEsportsHR.hr,|HR| SPORT KLUB E SPORTS
sportklub4.hr,SportKlub4HR.hr,|HR| SPORT KLUB 4
sportklub5.hr,SportKlub5HR.hr,|HR| SPORT KLUB 5
fight.ba,SportKlubGolfHR.hr,|HR| SK GOLF
SportKlub1HRHD.hr,SportKlub1HR.hr,|HR| SPORT KLUB 1 HD
SportKlub2HRHD.hr,SportKlub2HR.hr,|HR| SPORT KLUB 2 HD
SportKlub3HRHD.hr,SportKlub3HR.hr,|HR| SPORT KLUB 3 HD
eurosport1.rs,eurosport_1,|SR| EURO SPORT 1
eurosport.rs,eurosport_1,|SR| EURO SPORT 4K
eurosport2.rs,eurosport_2,|SR| EURO SPORT 2
arena-sport-1-premium,ArenaSport1Premium.rs@SD,|SR| ARENA 1 PREMIUM HD
arena-sport-2-premium,ArenaSport2Premium.rs@SD,|SR| ARENA 2 PREMIUM HD
arena-sport-3-premium,ArenaSport3Premium.rs@SD,|SR| ARENA 3 PREMIUM HD
arena-sport-4-premium,ArenaSport4Premium.rs@SD,|SR| ARENA 4 PREMIUM
arena-sport-5-premium,ArenaSport5Premium.rs@SD,|SR| ARENA 5 PREMIUM
ArenaSportPremium1.rs (src01),ArenaSport1Premium.rs@SD,|SR| ARENA 1 PREMIUM HD
Arena.PREMIUM.2.rs (src05),ArenaSport2Premium.rs@SD,|SR| ARENA 2 PREMIUM HD
ArenaSportPremium3.rs (src01),ArenaSport3Premium.rs@SD,|SR| ARENA 3 PREMIUM HD
Arena.PREMIUM.4.rs (src05),ArenaSport4Premium.rs@SD,|SR| ARENA 4 PREMIUM
Arena.PREMIUM.5.rs (src05),ArenaSport5Premium.rs@SD,|SR| ARENA 5 PREMIUM
arenasport1.rs,ArenaSport1.rs@SD,|SR| ARENA SPORT 1 HD
arenasport2.rs,ArenaSport2.rs@SD,|SR| ARENA SPORT 2 HD
arenasport3.rs,ArenaSport3.rs@SD,|SR| ARENA SPORT 3 HD
arenasport4.rs,ArenaSport4.rs@SD,|SR| ARENA SPORT 4 HD
arenapremium1.rs,ArenaSport1Premium.rs@SD,|SR| ARENA 1 PREMIUM
arenasport5.rs,ArenaSport5.rs@SD,|SR| ARENA SPORT 5 HD
arenasport6.rs,ArenaSport6.rs@SD,|SR| ARENA SPORT 6
arenasport7.rs,ArenaSport7.rs@SD,|SR| ARENA SPORT 7
arenasport8.rs,ArenaSport8.rs@SD,|SR| ARENA SPORT 8
arenasport9.rs,ArenaSport9.rs@SD,|SR| ARENA SPORT 9
arenasport10.rs,ArenaSport10.rs@SD,|SR| ARENA SPORT 10
zvezdatv.ba,ZvezdaTV.rs,|SR| ZVEZDA TV ᴴᴰ
tvpartizan.ba,TVPartizan.rs,|SR| TV PARTIZAN ᴴᴰ
fightbox.ba,FightBox.rs,|SR| FIGHT BOX
arenafight.rs,ArenaFight.rs,|SR| ARENA FIGHT
arenasport1x2.rs,ArenaSport1x2.rs@SD,|SR| ARENA SPORT 1x2
arenaesport.rs,ArenaEsport.rs,|SR| ARENA E SPORT
arenatenis.rs,ArenaSportTenis.rs@SD,|SR| ARENA TENIS
arenaadrenalin.rs,ArenaAdrenalin.rs,|SR| ARENA ADRENALIN
Arena.Tenis.rs (src05),ArenaSportTenis.rs@SD,|SR| ARENA TENIS
Animal.Planet.HD.(RS).rs (src05),animal_planet,ANIMAL PLANET ᴴᴰ
animalplanet.bh,animal_planet,ANIMAL PLANET ᴴᴰ
viasatexplore.ba,276770344357,VIASAT EXPLORER
Discovery.Channel.HD.(RS).rs (src05),DiscoveryChannel.rs,DISCOVERY CHANNEL ᴴᴰ
H2.hr,276767784233,History 2 ᴴᴰ
ViasatHistory.hr (src01),435380776371,Viasat History
viasathistory.ba,435380776371,Viasat History
viasatnature.se,276767784232,Viasat Nature
bbcearth.ba,iptv#ch-bbc-earth-hd,BBC Earth
docubox.ba,iptv#ch-140-docubox-hd,Docubox
24kitchen.ba,iptv#ch-153-24-kitchen,24 KITCHEN ᴴᴰ
foodnetwork.ba,iptv#ch-451-food-network,FOOD NETWORK
tlc.ba,iptv#ch-127-tlc,TLC
crime&investigation.bh,276771368119,CRIME INVESTIGATION ᴴᴰ
crime&amp;investigation.bh,276771368119,CRIME INVESTIGATION ᴴᴰ
crime&amp;amp;investigation.bh,276771368119,CRIME INVESTIGATION ᴴᴰ
davincilearning.bh,276770856271,Da Vinci
davinci.si,276770856271,Da Vinci
hgtv.ba,iptv#ch-444-hgtv,HGTV
DOX TV,iptv#ch-404-dox-tv,DOX TV
balkantrip.ba,iptv#ch-461-balkan-trip-hd,BALKAN TRIP
dokutv.ba,DokuTV.hr,Doku TV HD
hbo.hr,276767784251,HBO
hbo2.hr,276771368141,HBO 2 HD
hbo3.hr,276767784254,HBO 3
axn.hr,AXN.hr,AXN
AXNAdria.hr,AXN.hr,AXN ADRIA
axnspin.hr,AXNSpin.hr,AXN SPIN
m1film.ba,M1Film.hr,M1 Film ᴴᴰ ➁
m1gold.ba,M1Gold.hr,M1 Gold
m1family.ba,M1Family.hr,M1 Family ᴴᴰ
pickboxtv.hr,PickboxTV.ba,Pickbox TV
sci.hr,SciFi.ba,SCI FI HD
timelessdizichannel.ba,DiziChannel.hr,DIZI CHANNEL
cinestartv1.hr,CineStarTV1.ba,Cinestar TV 1
CineStar.TV.1.HD.(BIH).ba (src05),CineStarTV1.ba,Cinestar TV 1 HD
cinestarpremiere1.hr,CineStarTVPremiere1.hr,Cinestar TV Premiere 1 ᴴᴰ
cinestarpremiere2.hr,CineStarTVPremiere2.hr,Cinestar TV Premiere 2 ᴴᴰ
cinestartv2.hr,CineStarTV2.hr,CineStar TV 2
CineStar.TV.Action.and.Thriller.hr (src05),CineStarTVAction.hr,CineStar TV Action and Thriller
cinestaraction&thriller.hr,CineStarTVAction.hr,CineStar TV Action and Thriller ᴴᴰ ➁
CineStar.TV.Fantasy.HD.(BIH).ba (src05),CineStarTVFantasy.hr,CINESTAR FANTASY ᴴᴰ
cinestartvfantasy.hr,CineStarTVFantasy.hr,Cinestar Fantasy
cinestartvcomedy&family.bh,CineStarTVComedy.hr,CineStar TV Comedy and Family ᴴᴰ ➁
cinemax.hr,276770344388,CINEMAX ᴴᴰ ➁
cinemax2.hr,276767784259,Cinemax 2
star.rs,276770856295,STAR CHANNEL
starlife.hr,276771368133,STAR Life ᴴᴰ ➁
starcrime.hr,276770856280,STAR Crime
starmovies.hr,276770344385,STAR Movies ᴴᴰ ➁
amc.hr,485655592331,AMC ᴴᴰ ➁
epicdrama.hr,276771368146,EPIC DRAMA
klasiktv.hr,Klasik.hr,KLASIK TV
kinotv.hr,KinoTV.hr,Kino TV HD
tv1000.hr,338257448306,Viasat Kino Balkan
superstar-tv,SuperstarTV1.rs,SUPERSTAR TV ᴴᴰ
superstar2.ba,SuperstarTV2.rs,SUPERSTAR TV 2
superstar3.ba,SuperstarTV3.rs,SUPERSTAR TV 3
filmboxpremium.hr,528074792267,FILMBOX PREMIUM HD
filmboxarthouse.ba,528074792422,FILMBOX ARTHOUSE
filmboxextra.hr,528078376344,Filmbox Extra
filmboxstars.hr,iptv#ch-122-filmbox-stars,Filmbox Stars
eurocinema1.ba,iptv#ch-euro-cinema-1,Euro Cinema 1
eurocinema2.ba,iptv#ch-euro-cinema-2,Euro Cinema 2
eurocinema3.ba,iptv#ch-euro-cinema-3,Euro Cinema 3
eurocinema4.ba,iptv#ch-euro-cinema-4,Euro Cinema 4
City.Play.(BIH).ba (src05),CityPlay.ba,CityPLAY
PinkFolk1.hr (src09),PinkFolk1.rs,PINK FOLK 1
Pink.Folk.2.(BIH).ba (src05),PinkFolk2.rs,PINK FOLK 2
Pink.Music.(BIH).ba (src05),PinkMusic.rs,PINK MUSIC
Pink.Music.2.(BIH).ba (src05),PinkMusic2.rs,PINK MUSIC 2
HayatMusic.ba (src01),HayatMusic.ba,HAYAT MUSIC
toxictv.ba,iptv#ch-407-toxic-tv,TOXIC TV
Jugoton.hr (src05),282239016175,JUGOTON
pink&roll.bh,PinknRoll.rs,PINK & ROLL
pinkhits.ba,PinkHits.rs,PINK HITS 1
pinkhits2.ba,PinkHits2.rs,PINK HITS 2
balkanika.ba,338256424367,BALKANIKA
Bravo.Music.(BIH).ba (src05),BravoMusic.ba,BRAVO MUSIC
babytv.hr,276770344366,BABY TV
minitv.hr,MiniTV.hr,MINI
nickelodeon.hr,Nickelodeon.hr,NICKELODEON
rtlkockica.hr,RTLKockica.hr,RTL KOCKICA
nicktoons.hr,276770344376,NickToons
483,NovaBH.ba,|BIH| NOVA BH
alternativnatv.ba,AlternativnaTV.ba,|BIH| ALTERNATIVNA TV
bhalfatvsarajevo.ba,AlfaTV.ba,|BIH| ALFA TV SARAJEVO
bhntvickakanj.ba,NTVICKakanj.ba,|BIH| RTV KAKANJ
bht1,BHT1.ba,|BIH| BHT 1 HD
bihizvornatv.ba,IzvornaTV.ba,|BIH| IZVORNA TV
bihrtvsana.ba,RTVSana.ba,|BIH| RTV SANA
bihtvsarajevo.bh,TVSA.ba,|BIH| TV SARAJEVO
bn,BN.ba,|BIH| BN
Al Jazeera Balkans,EuronewsBosnia.ba,|BIH| AL JAZZERA BALKANS
b1tv.ba,BujrumTV.ba,|BIH| B1-GRADACAC
bn-sat,BN2.ba,|BIH| BN 2
exyurtvhitbrcko.ba,RTVHit.ba,|BIH| HIT Televizija
ftv,Federalnatelevizija.ba,|BIH| FTV
hayat2.ba,Hayat2.ba,|BIH| HAYAT 2
hematv.ba,TelevizijaHema.ba,HEMA TV
kanal-6,Kanal6.ba,KANAL 6 TRAVNIK
mtvigman.ba,MTVIgman.ba,|BIH| MTV IGMAN
otv-valentino,OTVValentino.ba,|BIH| OTV VALENTINO
posavinatv.ba,PosavinaTV.ba,|BIH| POSAVINA TV
rtrsplus.ba,RTRSPlus.ba,|BIH| RTRS PLUS
rtv-ze,RTVZenica.ba,|BIH| RTV ZENICA
rtvtk,RTVTK.ba,|BIH| RTV TK TUZLA
rtvvisoko.ba,RTVVisoko.ba,|BIH| RTV VISOKO
tvbugojno.ba,TVBugojno.ba,|BIH| RTV BUGOJNO
tvk3.ba,TVK3.ba,|BIH| K3 PRNJAVOR
tvlukavac.ba,TVLukavac.ba,RTV LUKAVAC
tvvogošća.ba,RTVVogosca.ba,|BIH| RTV Vogosca
unatv.ba,UnaTV.ba,|BIH| Una BIH
GrandTV.hr (src01),GrandTV.ba,GRAND TV
Grand.narodna.televizija.2.(RS).rs (src05),Grand2.ba,GRAND 2
cmc.bh,CMC.ba,CMC
idjtv.bh,IDJTV.ba,IDJ TV
grandnostalgija.rs,GrandNostalgija.ba,Grand Nostalgija ᴴᴰ
kopernikus,KCN1.ba,|SRB| KCN 1 KOPERNIKUS
k::cnmusic2.rs,KCNMusic2.ba,KCN 2
k::cnsvet+3.rs,KCNSvet3.ba,KCN 3
bhcitytv.ba,CityTV.ba,|BIH| CITY TV
rtvusk.ba,BIRTV.ba,|BIH| BIR TV UZIVO
bihrtvhercegbosne.ba,HercegTV.ba,|BIH| Herceg TV
auroratv.hr,AuroraTV.hr,|HR| AURORA TV
Libertas TV,LibertasTV.hr,HR: LIBERTAS
